StartDate,EndDate,Status,IPAddress,Progress,Duration (in seconds),Finished,RecordedDate,ResponseId,RecipientLastName,RecipientFirstName,RecipientEmail,ExternalReference,LocationLatitude,LocationLongitude,DistributionChannel,UserLanguage,Q20,Q2,Q3,Q5,Q6,Q7,Q8,Q9,Q10,Q11,Q12,Q13,Q14,Q22,Q23,Q16_1,Q16_4,Q16_2,Q16_6,Q16_6_TEXT,Q17_1,Q17_3,Q17_4,Q17_6,Q17_6_TEXT,Q21
Start Date,End Date,Response Type,IP Address,Progress,Duration (in seconds),Finished,Recorded Date,Response ID,Recipient Last Name,Recipient First Name,Recipient Email,External Data Reference,Location Latitude,Location Longitude,Distribution Channel,User Language,What is your NetId (e.g. wz334),Did you encounter any technical bugs when using the app in the last 3 weeks?,What bugs did you meet?,I enjoyed participating in this project.,This project was interesting.,I did not care about what I did in this project.,This project helped me apply theories/concepts in real-life situations.,This project helped me have a deeper understanding of theories/concepts taught in DEA1500.,This project helped me have a better understanding of my physical surroundings.,I put effort into posting and commenting.,I tried to find a good scenario to post every time.,I kept browsing through peers’ posts to understand their ideas.,I tried to enhance my understanding of the course knowledge through reading others’ comments on my posts.,"I think the change to the guideline: ""post topics are allowed to choose in the last 2 weeks'"" increased my engagement.","I think the change to the App: ""adding @TA feature"" increased my engagement.",What possible changes to the guideline do you think would increase your engagement in this project? - Selected Choice - Our community should prioritize responding to each other’s comments (also count as comments) rather than always starting new comments.,What possible changes to the guideline do you think would increase your engagement in this project? - Selected Choice - Should randomly comment to posts in the same topic,What possible changes to the guideline do you think would increase your engagement in this project? - Selected Choice - Should comment to posts that are not commented yet,"What possible changes to the guideline do you think would increase your engagement in this project? - Selected Choice - Others, please specify","What possible changes to the guideline do you think would increase your engagement in this project? - Others, please specify - Text",What possible changes to the app do you think would increase your engagement in this project? - Selected Choice - Default post order in “community” page should be organized by random rather than by time,What possible changes to the app do you think would increase your engagement in this project? - Selected Choice - Add an @peers feature to ask for peers' opinions,What possible changes to the app do you think would increase your engagement in this project? - Selected Choice - Add links to profiles of whom left comments,"What possible changes to the app do you think would increase your engagement in this project? - Selected Choice - Others, please specify","What possible changes to the app do you think would increase your engagement in this project? - Others, please specify - Text",Is there anything you want to share with us regarding your experience participating in this project?
"{""ImportId"":""startDate"",""timeZone"":""America/Denver""}","{""ImportId"":""endDate"",""timeZone"":""America/Denver""}","{""ImportId"":""status""}","{""ImportId"":""ipAddress""}","{""ImportId"":""progress""}","{""ImportId"":""duration""}","{""ImportId"":""finished""}","{""ImportId"":""recordedDate"",""timeZone"":""America/Denver""}","{""ImportId"":""_recordId""}","{""ImportId"":""recipientLastName""}","{""ImportId"":""recipientFirstName""}","{""ImportId"":""recipientEmail""}","{""ImportId"":""externalDataReference""}","{""ImportId"":""locationLatitude""}","{""ImportId"":""locationLongitude""}","{""ImportId"":""distributionChannel""}","{""ImportId"":""userLanguage""}","{""ImportId"":""QID20_TEXT""}","{""ImportId"":""QID2""}","{""ImportId"":""QID3_TEXT""}","{""ImportId"":""QID5""}","{""ImportId"":""QID6""}","{""ImportId"":""QID7""}","{""ImportId"":""QID8""}","{""ImportId"":""QID9""}","{""ImportId"":""QID10""}","{""ImportId"":""QID11""}","{""ImportId"":""QID12""}","{""ImportId"":""QID13""}","{""ImportId"":""QID14""}","{""ImportId"":""QID22""}","{""ImportId"":""QID23""}","{""ImportId"":""QID16"",""choiceId"":""1""}","{""ImportId"":""QID16"",""choiceId"":""4""}","{""ImportId"":""QID16"",""choiceId"":""2""}","{""ImportId"":""QID16"",""choiceId"":""6""}","{""ImportId"":""QID16_6_TEXT""}","{""ImportId"":""QID17"",""choiceId"":""1""}","{""ImportId"":""QID17"",""choiceId"":""3""}","{""ImportId"":""QID17"",""choiceId"":""4""}","{""ImportId"":""QID17"",""choiceId"":""6""}","{""ImportId"":""QID17_6_TEXT""}","{""ImportId"":""QID21_TEXT""}"
2022-11-07 07:54:21,2022-11-07 07:55:30,IP Address,*******,100,68,True,2022-11-07 07:55:31,R_57QDzFXaZhgT6RH,*******,*******,*******,*******,*******,*******,anonymous,EN,jms834,No,,Somewhat agree,Somewhat agree,Neither agree nor disagree,Somewhat agree,Somewhat agree,Somewhat agree,Somewhat agree,Neither agree nor disagree,Neither agree nor disagree,Neither agree nor disagree,Neither agree nor disagree,Neither agree nor disagree,,Should randomly comment to posts in the same topic,,,,Default post order in “community” page should be organized by random rather than by time,,,,,NA
2022-11-07 07:59:51,2022-11-07 08:02:44,IP Address,*******,100,173,True,2022-11-07 08:02:45,R_cGDklcoRM46TS49,*******,*******,*******,*******,*******,*******,anonymous,EN,jg2252,No,,Strongly agree,Strongly agree,Strongly disagree,Strongly agree,Strongly agree,Strongly agree,Strongly agree,Strongly agree,Somewhat agree,Somewhat agree,Strongly agree,Neither agree nor disagree,,,,"Others, please specify",No change needed,,,,"Others, please specify",No change needed,
2022-11-07 08:03:44,2022-11-07 08:04:28,IP Address,*******,100,43,True,2022-11-07 08:04:28,R_12osMHZj6vR4zWX,*******,*******,*******,*******,*******,*******,anonymous,EN,gme35,No,,Strongly agree,Strongly agree,Strongly agree,Strongly agree,Strongly agree,Strongly agree,Strongly agree,Strongly agree,Strongly agree,Strongly agree,Strongly agree,Strongly agree,Our community should prioritize responding to each other’s comments (also count as comments) rather than always starting new comments.,,,,,Default post order in “community” page should be organized by random rather than by time,,,,,
2022-11-07 08:08:09,2022-11-07 08:11:27,IP Address,*******,100,198,True,2022-11-07 08:11:27,R_1erPQu4uMmjotr9,*******,*******,*******,*******,*******,*******,anonymous,EN,dl963,No,,Strongly agree,Strongly agree,Strongly disagree,Strongly agree,Strongly agree,Somewhat agree,Strongly agree,Strongly agree,Strongly agree,Strongly agree,Neither agree nor disagree,Neither agree nor disagree,Our community should prioritize responding to each other’s comments (also count as comments) rather than always starting new comments.,,,,,Default post order in “community” page should be organized by random rather than by time,,,,,
2022-11-07 08:10:03,2022-11-07 08:12:21,IP Address,*******,100,138,True,2022-11-07 08:12:22,R_2Cd34cYl6LEhg8c,*******,*******,*******,*******,*******,*******,anonymous,EN,jrd327,No,,Somewhat agree,Somewhat agree,Somewhat disagree,Somewhat agree,Somewhat agree,Somewhat agree,Strongly agree,Strongly agree,Somewhat agree,Somewhat agree,Strongly agree,Somewhat agree,,,Should comment to posts that are not commented yet,,,Default post order in “community” page should be organized by random rather than by time,,,,,
2022-11-07 08:12:54,2022-11-07 08:14:29,IP Address,*******,100,95,True,2022-11-07 08:14:30,R_AC0ysd78pMaLVtL,*******,*******,*******,*******,*******,*******,anonymous,EN,cjy27,No,,Strongly agree,Strongly agree,Strongly disagree,Strongly agree,Strongly agree,Strongly agree,Strongly agree,Strongly agree,Somewhat agree,Somewhat agree,Strongly agree,Strongly disagree,Our community should prioritize responding to each other’s comments (also count as comments) rather than always starting new comments.,Should randomly comment to posts in the same topic,,,,Default post order in “community” page should be organized by random rather than by time,,,,,
2022-11-07 08:17:48,2022-11-07 08:20:36,IP Address,*******,100,168,True,2022-11-07 08:20:36,R_3kMST54DZTKhZlX,*******,*******,*******,*******,*******,*******,anonymous,EN,ic277,No,,Strongly agree,Strongly agree,Strongly disagree,Strongly agree,Strongly agree,Strongly agree,Strongly agree,Somewhat agree,Strongly agree,Strongly agree,Somewhat agree,Neither agree nor disagree,Our community should prioritize responding to each other’s comments (also count as comments) rather than always starting new comments.,,,,,,Add an @peers feature to ask for peers' opinions,Add links to profiles of whom left comments,,,I like how this project has kept me engaged in the course topics as it keeps me remembering the HER processes we are learning and their applications.
2022-11-07 08:17:20,2022-11-07 08:23:30,IP Address,*******,100,369,True,2022-11-07 08:23:30,R_RaIQLCteoCZnUOJ,*******,*******,*******,*******,*******,*******,anonymous,EN,hys22,No,,Strongly agree,Strongly agree,Strongly disagree,Strongly agree,Strongly agree,Strongly agree,Strongly agree,Strongly agree,Somewhat agree,Somewhat agree,Neither agree nor disagree,Neither agree nor disagree,Our community should prioritize responding to each other’s comments (also count as comments) rather than always starting new comments.,,Should comment to posts that are not commented yet,,,Default post order in “community” page should be organized by random rather than by time,,,,,
2022-11-07 08:36:12,2022-11-07 08:36:42,IP Address,*******,100,30,True,2022-11-07 08:36:43,R_2pYb1zCGWqIp9co,*******,*******,*******,*******,*******,*******,anonymous,EN,jz485,No,,Neither agree nor disagree,Somewhat agree,Neither agree nor disagree,Somewhat agree,Somewhat agree,Somewhat agree,Somewhat agree,Neither agree nor disagree,Somewhat agree,Somewhat agree,Neither agree nor disagree,Neither agree nor disagree,Our community should prioritize responding to each other’s comments (also count as comments) rather than always starting new comments.,,,,,Default post order in “community” page should be organized by random rather than by time,Add an @peers feature to ask for peers' opinions,,,,
2022-11-07 09:14:55,2022-11-07 09:16:05,IP Address,*******,100,69,True,2022-11-07 09:16:05,R_2VLb03UjNSwiEfL,*******,*******,*******,*******,*******,*******,anonymous,EN,alm384,No,,Somewhat agree,Somewhat agree,Strongly disagree,Strongly agree,Strongly agree,Strongly agree,Strongly agree,Strongly agree,Neither agree nor disagree,Strongly agree,Neither agree nor disagree,Strongly agree,,,Should comment to posts that are not commented yet,,,,Add an @peers feature to ask for peers' opinions,,,,
2022-11-07 09:14:47,2022-11-07 09:19:57,IP Address,*******,100,309,True,2022-11-07 09:19:57,R_OEhFanlPw1MMeuB,*******,*******,*******,*******,*******,*******,anonymous,EN,smg377,Yes,"Image wouldn't upload on my laptop, had to use my iPhone",Somewhat agree,Somewhat agree,Somewhat disagree,Strongly agree,Somewhat agree,Strongly agree,Somewhat agree,Strongly agree,Somewhat disagree,Strongly agree,Strongly agree,Somewhat agree,Our community should prioritize responding to each other’s comments (also count as comments) rather than always starting new comments.,,Should comment to posts that are not commented yet,,,,,Add links to profiles of whom left comments,,,
2022-11-07 09:24:04,2022-11-07 09:25:30,IP Address,*******,100,85,True,2022-11-07 09:25:30,R_1PTr40coAeC1Ccb,*******,*******,*******,*******,*******,*******,anonymous,EN,dbl67,No,,Somewhat agree,Strongly agree,Somewhat disagree,Strongly agree,Strongly agree,Strongly agree,Somewhat agree,Strongly agree,Somewhat agree,Somewhat agree,Somewhat agree,Neither agree nor disagree,,,Should comment to posts that are not commented yet,,,Default post order in “community” page should be organized by random rather than by time,,,,,
2022-11-07 09:57:19,2022-11-07 09:58:47,IP Address,*******,100,88,True,2022-11-07 09:58:47,R_2TsZltIxdAxJHsW,*******,*******,*******,*******,*******,*******,anonymous,EN,mrl253,No,,Somewhat agree,Somewhat agree,Somewhat disagree,Strongly agree,Strongly agree,Somewhat agree,Strongly agree,Somewhat agree,Somewhat agree,Somewhat agree,Strongly agree,Somewhat disagree,Our community should prioritize responding to each other’s comments (also count as comments) rather than always starting new comments.,,,,,,,Add links to profiles of whom left comments,,,
2022-11-07 08:22:57,2022-11-07 10:43:41,IP Address,*******,100,8443,True,2022-11-07 10:43:41,R_R9N1kRxuOCRMLC1,*******,*******,*******,*******,*******,*******,anonymous,EN,jta52,No,,Strongly agree,Strongly agree,Strongly agree,Strongly agree,Strongly agree,Strongly agree,Strongly agree,Strongly agree,Strongly agree,Strongly agree,Strongly agree,Neither agree nor disagree,Our community should prioritize responding to each other’s comments (also count as comments) rather than always starting new comments.,,,,,,,Add links to profiles of whom left comments,,,
2022-11-07 10:46:25,2022-11-07 10:48:01,IP Address,*******,100,95,True,2022-11-07 10:48:01,R_AEXeU9tQhUwrweR,*******,*******,*******,*******,*******,*******,anonymous,EN,Na427,No,,Strongly agree,Strongly agree,Somewhat disagree,Somewhat agree,Somewhat agree,Strongly agree,Strongly agree,Strongly agree,Neither agree nor disagree,Somewhat agree,Neither agree nor disagree,Neither agree nor disagree,Our community should prioritize responding to each other’s comments (also count as comments) rather than always starting new comments.,,,,,Default post order in “community” page should be organized by random rather than by time,Add an @peers feature to ask for peers' opinions,,,,
2022-11-07 11:22:21,2022-11-07 11:24:06,IP Address,*******,100,105,True,2022-11-07 11:24:06,R_STbu1IZqmM1GNix,*******,*******,*******,*******,*******,*******,anonymous,EN,tvf6,No,,Somewhat agree,Somewhat agree,Somewhat disagree,Strongly agree,Somewhat agree,Somewhat agree,Strongly agree,Strongly agree,Strongly agree,Strongly agree,Somewhat agree,Somewhat agree,,,Should comment to posts that are not commented yet,,,Default post order in “community” page should be organized by random rather than by time,,,,,
2022-11-07 12:06:51,2022-11-07 12:09:07,IP Address,*******,100,135,True,2022-11-07 12:09:07,R_3fjUN9KyvrCl1S3,*******,*******,*******,*******,*******,*******,anonymous,EN,ama386,No,,Somewhat agree,Somewhat agree,Somewhat disagree,Strongly agree,Somewhat agree,Strongly agree,Strongly agree,Strongly agree,Somewhat disagree,Neither agree nor disagree,Strongly agree,Neither agree nor disagree,Our community should prioritize responding to each other’s comments (also count as comments) rather than always starting new comments.,,,,,,Add an @peers feature to ask for peers' opinions,Add links to profiles of whom left comments,,,
2022-11-07 12:11:13,2022-11-07 12:13:33,IP Address,*******,100,140,True,2022-11-07 12:13:33,R_1g1poB0eBvG0jv2,*******,*******,*******,*******,*******,*******,anonymous,EN,wc465,No,,Somewhat agree,Somewhat agree,Somewhat disagree,Somewhat agree,Somewhat agree,Strongly agree,Strongly agree,Strongly agree,Somewhat agree,Somewhat agree,Somewhat agree,Somewhat agree,,,Should comment to posts that are not commented yet,,,Default post order in “community” page should be organized by random rather than by time,,,,,
2022-11-07 13:10:50,2022-11-07 13:13:34,IP Address,*******,100,163,True,2022-11-07 13:13:34,R_22rYwsHIOKJlrbZ,*******,*******,*******,*******,*******,*******,anonymous,EN,eew64,No,,Somewhat agree,Somewhat agree,Somewhat agree,Strongly agree,Strongly agree,Neither agree nor disagree,Neither agree nor disagree,Somewhat agree,Somewhat agree,Somewhat agree,Strongly agree,Neither agree nor disagree,,,,"Others, please specify",none of the above,,,,"Others, please specify",organize posts in community page by topic,
2022-11-07 13:13:27,2022-11-07 13:16:54,IP Address,*******,100,206,True,2022-11-07 13:16:54,R_1CwF0dwyKfagmAO,*******,*******,*******,*******,*******,*******,anonymous,EN,eay28,No,,Somewhat agree,Strongly agree,Strongly disagree,Strongly agree,Strongly agree,Strongly agree,Somewhat agree,Somewhat agree,Strongly agree,Somewhat agree,Neither agree nor disagree,Somewhat disagree,,,Should comment to posts that are not commented yet,,,Default post order in “community” page should be organized by random rather than by time,,,,,
2022-11-07 16:06:37,2022-11-07 16:07:55,IP Address,*******,100,77,True,2022-11-07 16:07:55,R_2Ce9kulvNdw7UIT,*******,*******,*******,*******,*******,*******,anonymous,EN,crd229,No,,Somewhat agree,Somewhat agree,Somewhat disagree,Strongly agree,Somewhat agree,Strongly agree,Strongly agree,Strongly agree,Neither agree nor disagree,Somewhat agree,Somewhat agree,Neither agree nor disagree,Our community should prioritize responding to each other’s comments (also count as comments) rather than always starting new comments.,,,,,,,Add links to profiles of whom left comments,,,n/a
2022-11-07 18:28:33,2022-11-07 18:30:36,IP Address,*******,100,123,True,2022-11-07 18:30:36,R_6VzdrVwkHURy4Pn,*******,*******,*******,*******,*******,*******,anonymous,EN,rmb358,No,,Strongly agree,Strongly agree,Strongly disagree,Strongly agree,Strongly agree,Strongly agree,Strongly agree,Strongly agree,Strongly agree,Strongly agree,Somewhat agree,Neither agree nor disagree,,,Should comment to posts that are not commented yet,,,,Add an @peers feature to ask for peers' opinions,,,,
2022-11-08 08:30:47,2022-11-08 08:32:57,IP Address,*******,100,130,True,2022-11-08 08:32:57,R_3inhjBLBVq2ES6b,*******,*******,*******,*******,*******,*******,anonymous,EN,sjw258,No,,Strongly agree,Strongly agree,Strongly disagree,Somewhat agree,Somewhat agree,Somewhat agree,Somewhat agree,Somewhat agree,Somewhat agree,Somewhat agree,Somewhat agree,Neither agree nor disagree,,Should randomly comment to posts in the same topic,Should comment to posts that are not commented yet,,,,,Add links to profiles of whom left comments,,,Nope!
2022-11-08 08:30:53,2022-11-08 08:34:11,IP Address,*******,100,197,True,2022-11-08 08:34:11,R_xnps2yYj99Xxdx7,*******,*******,*******,*******,*******,*******,anonymous,EN,dmf233,No,,Strongly agree,Strongly agree,Strongly disagree,Strongly agree,Somewhat agree,Somewhat agree,Strongly agree,Strongly agree,Somewhat agree,Somewhat agree,Strongly agree,Somewhat disagree,Our community should prioritize responding to each other’s comments (also count as comments) rather than always starting new comments.,,,,,Default post order in “community” page should be organized by random rather than by time,Add an @peers feature to ask for peers' opinions,,,,no
2022-11-08 10:39:14,2022-11-08 10:40:39,IP Address,*******,100,85,True,2022-11-08 10:40:40,R_55D00nD5qOdh75D,*******,*******,*******,*******,*******,*******,anonymous,EN,lyl26,Yes,Couldn't see other people's recent posts,Somewhat agree,Somewhat agree,Somewhat disagree,Somewhat agree,Somewhat agree,Somewhat agree,Somewhat agree,Somewhat agree,Somewhat agree,Somewhat agree,Somewhat agree,Neither agree nor disagree,,Should randomly comment to posts in the same topic,,,,,Add an @peers feature to ask for peers' opinions,,,,
2022-11-08 11:43:27,2022-11-08 11:48:57,IP Address,*******,100,329,True,2022-11-08 11:48:58,R_2xyqvnF5qIiicLd,*******,*******,*******,*******,*******,*******,anonymous,EN,kmt224,No,,Somewhat agree,Somewhat agree,Somewhat disagree,Somewhat agree,Somewhat agree,Somewhat agree,Somewhat agree,Neither agree nor disagree,Somewhat agree,Neither agree nor disagree,Somewhat agree,Neither agree nor disagree,Our community should prioritize responding to each other’s comments (also count as comments) rather than always starting new comments.,,Should comment to posts that are not commented yet,,,Default post order in “community” page should be organized by random rather than by time,Add an @peers feature to ask for peers' opinions,Add links to profiles of whom left comments,,,n/a
2022-11-08 15:50:43,2022-11-08 16:00:41,IP Address,*******,100,597,True,2022-11-08 16:00:41,R_1f7dsLPAj3fdoYh,*******,*******,*******,*******,*******,*******,anonymous,EN,hes222,No,,Somewhat agree,Somewhat agree,Neither agree nor disagree,Strongly agree,Somewhat agree,Strongly agree,Strongly agree,Strongly agree,Somewhat agree,Somewhat agree,Strongly agree,Somewhat agree,,,,"Others, please specify",none,,,Add links to profiles of whom left comments,,,no
2022-11-08 20:10:46,2022-11-08 20:11:53,IP Address,*******,100,67,True,2022-11-08 20:11:53,R_3qfLPMqnx4j4Avb,*******,*******,*******,*******,*******,*******,anonymous,EN,Mc2594,No,,Somewhat agree,Strongly agree,Somewhat disagree,Strongly agree,Strongly agree,Strongly agree,Somewhat agree,Strongly agree,Strongly agree,Strongly agree,Strongly agree,Neither agree nor disagree,Our community should prioritize responding to each other’s comments (also count as comments) rather than always starting new comments.,,,,,Default post order in “community” page should be organized by random rather than by time,,Add links to profiles of whom left comments,,,
2022-11-07 14:28:48,2022-11-09 15:52:01,IP Address,*******,100,177792,True,2022-11-09 15:52:01,R_2arFf0R6iH6JAg6,*******,*******,*******,*******,*******,*******,anonymous,EN,vas57,No,,Strongly agree,Strongly agree,Neither agree nor disagree,Strongly agree,Strongly agree,Strongly agree,Strongly agree,Strongly agree,Strongly agree,Strongly agree,Strongly agree,Neither agree nor disagree,Our community should prioritize responding to each other’s comments (also count as comments) rather than always starting new comments.,,,,,,Add an @peers feature to ask for peers' opinions,,,,N/A
2022-11-09 16:42:10,2022-11-09 16:44:02,IP Address,*******,100,112,True,2022-11-09 16:44:02,R_tVC7UUOcVwXAcLv,*******,*******,*******,*******,*******,*******,anonymous,EN,eam358,No,,Strongly agree,Strongly agree,Strongly disagree,Strongly agree,Strongly agree,Somewhat agree,Strongly agree,Strongly agree,Somewhat agree,Somewhat agree,Somewhat agree,Neither agree nor disagree,Our community should prioritize responding to each other’s comments (also count as comments) rather than always starting new comments.,,,,,,Add an @peers feature to ask for peers' opinions,,,,
2022-11-09 22:17:40,2022-11-09 22:19:22,IP Address,*******,100,101,True,2022-11-09 22:19:22,R_11X7xzTwpzpbZly,*******,*******,*******,*******,*******,*******,anonymous,EN,jz485,No,,Neither agree nor disagree,Somewhat agree,Somewhat agree,Somewhat agree,Somewhat agree,Somewhat agree,Somewhat disagree,Neither agree nor disagree,Somewhat agree,Neither agree nor disagree,Neither agree nor disagree,Neither agree nor disagree,,Should randomly comment to posts in the same topic,,,,,,Add links to profiles of whom left comments,,,
2022-11-10 14:00:45,2022-11-10 14:01:26,IP Address,*******,100,40,True,2022-11-10 14:01:26,R_esoELsdZF732Fsl,*******,*******,*******,*******,*******,*******,anonymous,EN,mtq6,No,,Strongly agree,Strongly agree,Strongly disagree,Strongly agree,Strongly agree,Strongly agree,Strongly agree,Strongly agree,Strongly agree,Strongly agree,Strongly agree,Strongly agree,Our community should prioritize responding to each other’s comments (also count as comments) rather than always starting new comments.,,,,,,Add an @peers feature to ask for peers' opinions,,,,
2022-11-10 14:01:54,2022-11-10 14:04:25,IP Address,*******,100,150,True,2022-11-10 14:04:25,R_rcE1h9PlSLxNrTr,*******,*******,*******,*******,*******,*******,anonymous,EN,smf267,No,,Neither agree nor disagree,Neither agree nor disagree,Neither agree nor disagree,Somewhat agree,Somewhat agree,Somewhat agree,Somewhat agree,Somewhat agree,Strongly agree,Neither agree nor disagree,Somewhat agree,Somewhat disagree,,,Should comment to posts that are not commented yet,,,,,Add links to profiles of whom left comments,,,
2022-11-10 14:31:39,2022-11-10 14:33:20,IP Address,*******,100,101,True,2022-11-10 14:33:20,R_1rc9eZRvCPcF38v,*******,*******,*******,*******,*******,*******,anonymous,EN,jk2384,No,,Somewhat agree,Somewhat agree,Somewhat disagree,Somewhat agree,Somewhat agree,Somewhat agree,Somewhat agree,Somewhat agree,Neither agree nor disagree,Somewhat disagree,Neither agree nor disagree,Somewhat disagree,,Should randomly comment to posts in the same topic,,,,Default post order in “community” page should be organized by random rather than by time,Add an @peers feature to ask for peers' opinions,,,,
2022-11-10 19:43:20,2022-11-10 19:45:54,IP Address,*******,100,154,True,2022-11-10 19:45:54,R_115CyzBgycMEC2l,*******,*******,*******,*******,*******,*******,anonymous,EN,rnp36,No,,Strongly agree,Strongly agree,Somewhat disagree,Strongly agree,Strongly agree,Strongly agree,Strongly agree,Strongly agree,Somewhat agree,Somewhat agree,Strongly agree,Somewhat agree,Our community should prioritize responding to each other’s comments (also count as comments) rather than always starting new comments.,,,,,Default post order in “community” page should be organized by random rather than by time,,,,,
2022-11-10 23:18:05,2022-11-10 23:19:08,IP Address,*******,100,62,True,2022-11-10 23:19:08,R_3GqgXflq6EaUgJN,*******,*******,*******,*******,*******,*******,anonymous,EN,plz8,No,,Neither agree nor disagree,Somewhat agree,Somewhat disagree,Strongly agree,Somewhat agree,Strongly agree,Neither agree nor disagree,Strongly agree,Somewhat agree,Neither agree nor disagree,Neither agree nor disagree,Strongly disagree,Our community should prioritize responding to each other’s comments (also count as comments) rather than always starting new comments.,,,,,,,Add links to profiles of whom left comments,,,
2022-11-11 09:00:30,2022-11-11 09:02:12,IP Address,*******,100,102,True,2022-11-11 09:02:12,R_2xFePYbFj7y7wOu,*******,*******,*******,*******,*******,*******,anonymous,EN,sd697,No,,Somewhat agree,Somewhat agree,Somewhat disagree,Somewhat agree,Somewhat agree,Strongly agree,Strongly agree,Strongly agree,Neither agree nor disagree,Somewhat agree,Somewhat agree,Neither agree nor disagree,Our community should prioritize responding to each other’s comments (also count as comments) rather than always starting new comments.,,,,,,,Add links to profiles of whom left comments,,,
2022-11-11 09:01:10,2022-11-11 09:02:20,IP Address,*******,100,70,True,2022-11-11 09:02:20,R_1K1MdZeS9F0AHMp,*******,*******,*******,*******,*******,*******,anonymous,EN,Ceb338,No,,Neither agree nor disagree,Somewhat agree,Somewhat disagree,Strongly agree,Somewhat agree,Somewhat agree,Strongly agree,Somewhat agree,Somewhat agree,Somewhat agree,Strongly agree,Neither agree nor disagree,,,Should comment to posts that are not commented yet,,,Default post order in “community” page should be organized by random rather than by time,,,,,
2022-11-11 09:01:13,2022-11-11 09:02:23,IP Address,*******,100,69,True,2022-11-11 09:02:23,R_2aEsDYJ5gue4elr,*******,*******,*******,*******,*******,*******,anonymous,EN,lsg85,No,,Somewhat agree,Somewhat agree,Somewhat disagree,Somewhat agree,Somewhat agree,Somewhat agree,Strongly agree,Strongly agree,Strongly agree,Strongly agree,Strongly agree,Neither agree nor disagree,,,,"Others, please specify",N/A,,,Add links to profiles of whom left comments,,,
2022-11-11 09:01:10,2022-11-11 09:02:38,IP Address,*******,100,88,True,2022-11-11 09:02:38,R_x4J1CifHUChyy53,*******,*******,*******,*******,*******,*******,anonymous,EN,nae36,No,,Strongly agree,Strongly agree,Somewhat disagree,Strongly agree,Strongly agree,Strongly agree,Strongly agree,Strongly agree,Strongly agree,Neither agree nor disagree,Strongly agree,Somewhat disagree,Our community should prioritize responding to each other’s comments (also count as comments) rather than always starting new comments.,,,,,Default post order in “community” page should be organized by random rather than by time,,Add links to profiles of whom left comments,,,
2022-11-11 09:01:09,2022-11-11 09:02:39,IP Address,*******,100,90,True,2022-11-11 09:02:39,R_24RiNrAl3ffiget,*******,*******,*******,*******,*******,*******,anonymous,EN,arb338,No,,Strongly agree,Strongly agree,Strongly disagree,Strongly agree,Strongly agree,Strongly agree,Strongly agree,Strongly agree,Strongly agree,Strongly agree,Strongly agree,Somewhat agree,,,Should comment to posts that are not commented yet,,,Default post order in “community” page should be organized by random rather than by time,,,,,n/a
2022-11-11 09:01:34,2022-11-11 09:03:29,IP Address,*******,100,115,True,2022-11-11 09:03:29,R_3m4tDo0kLBJDxXo,*******,*******,*******,*******,*******,*******,anonymous,EN,jhz23,No,,Somewhat agree,Somewhat agree,Somewhat disagree,Strongly agree,Somewhat agree,Somewhat agree,Somewhat agree,Somewhat agree,Somewhat agree,Somewhat agree,Somewhat agree,Neither agree nor disagree,Our community should prioritize responding to each other’s comments (also count as comments) rather than always starting new comments.,,,,,,Add an @peers feature to ask for peers' opinions,,,,
2022-11-11 09:01:49,2022-11-11 09:03:32,IP Address,*******,100,103,True,2022-11-11 09:03:33,R_9TWzeRJNCayk9l7,*******,*******,*******,*******,*******,*******,anonymous,EN,ay283,No,,Somewhat agree,Somewhat agree,Strongly disagree,Strongly agree,Strongly agree,Strongly agree,Strongly agree,Strongly agree,Strongly agree,Somewhat agree,Strongly agree,Neither agree nor disagree,,,Should comment to posts that are not commented yet,,,,Add an @peers feature to ask for peers' opinions,,,,
2022-11-11 09:02:16,2022-11-11 09:03:42,IP Address,*******,100,85,True,2022-11-11 09:03:42,R_1dgH1iW3iZjxgPW,*******,*******,*******,*******,*******,*******,anonymous,EN,Wjy8,No,,Somewhat agree,Somewhat agree,Neither agree nor disagree,Somewhat agree,Somewhat agree,Somewhat agree,Somewhat agree,Somewhat agree,Neither agree nor disagree,Neither agree nor disagree,Somewhat agree,Somewhat agree,Our community should prioritize responding to each other’s comments (also count as comments) rather than always starting new comments.,Should randomly comment to posts in the same topic,Should comment to posts that are not commented yet,,,Default post order in “community” page should be organized by random rather than by time,,,,,
2022-11-11 09:02:59,2022-11-11 09:03:55,IP Address,*******,100,55,True,2022-11-11 09:03:55,R_2uqfOGdddmCDb1S,*******,*******,*******,*******,*******,*******,anonymous,EN,mak448,No,,Neither agree nor disagree,Neither agree nor disagree,Neither agree nor disagree,Neither agree nor disagree,Neither agree nor disagree,Neither agree nor disagree,Neither agree nor disagree,Neither agree nor disagree,Neither agree nor disagree,Neither agree nor disagree,Somewhat agree,Somewhat disagree,,Should randomly comment to posts in the same topic,,,,,Add an @peers feature to ask for peers' opinions,,,,
2022-11-11 09:02:11,2022-11-11 09:04:18,IP Address,*******,100,127,True,2022-11-11 09:04:18,R_1BY4y3Mj3fMKpXp,*******,*******,*******,*******,*******,*******,anonymous,EN,dgh82,No,,Somewhat agree,Neither agree nor disagree,Somewhat disagree,Somewhat agree,Somewhat agree,Somewhat agree,Strongly agree,Somewhat agree,Neither agree nor disagree,Neither agree nor disagree,Neither agree nor disagree,Neither agree nor disagree,,,Should comment to posts that are not commented yet,,,,Add an @peers feature to ask for peers' opinions,,,,
2022-11-11 09:01:07,2022-11-11 09:05:11,IP Address,*******,100,243,True,2022-11-11 09:05:11,R_1fk16Ra8AwbmbIl,*******,*******,*******,*******,*******,*******,anonymous,EN,kv245,Yes,It did not show the right number of responses in total on my ‘current’ screen,Neither agree nor disagree,Somewhat agree,Strongly disagree,Strongly agree,Somewhat agree,Somewhat agree,Strongly agree,Strongly agree,Somewhat disagree,Somewhat agree,Somewhat agree,Neither agree nor disagree,Our community should prioritize responding to each other’s comments (also count as comments) rather than always starting new comments.,,,"Others, please specify","Comment questions rather than just remarks, for other people to respond to",,,Add links to profiles of whom left comments,,,"I really enjoyed the project, but when I had a technical error uploading three weeks in a row my motivation really went down, because it took me so much time. Now that it worked for two weeks in a row I am more motivated again"
2022-11-11 09:04:19,2022-11-11 09:05:35,IP Address,*******,100,75,True,2022-11-11 09:05:35,R_3LXrLOX0iasn8Sy,*******,*******,*******,*******,*******,*******,anonymous,EN,mbh222,No,,Somewhat agree,Somewhat agree,Somewhat agree,Neither agree nor disagree,Somewhat agree,Somewhat agree,Somewhat disagree,Somewhat agree,Somewhat disagree,Somewhat disagree,Somewhat agree,Neither agree nor disagree,,Should randomly comment to posts in the same topic,,,,,Add an @peers feature to ask for peers' opinions,Add links to profiles of whom left comments,,,
2022-11-11 09:04:55,2022-11-11 09:07:32,IP Address,*******,100,157,True,2022-11-11 09:07:33,R_2qwtMzIMHtcjJEA,*******,*******,*******,*******,*******,*******,anonymous,EN,yis5,No,,Somewhat agree,Somewhat agree,Neither agree nor disagree,Somewhat agree,Somewhat agree,Somewhat agree,Somewhat agree,Somewhat agree,Neither agree nor disagree,Neither agree nor disagree,Somewhat agree,Neither agree nor disagree,Our community should prioritize responding to each other’s comments (also count as comments) rather than always starting new comments.,Should randomly comment to posts in the same topic,Should comment to posts that are not commented yet,,,,,Add links to profiles of whom left comments,,,
2022-11-11 09:09:27,2022-11-11 09:11:19,IP Address,*******,100,111,True,2022-11-11 09:11:19,R_XBqeke3Ib9Uzygh,*******,*******,*******,*******,*******,*******,anonymous,EN,ese47,No,,Neither agree nor disagree,Neither agree nor disagree,Somewhat disagree,Somewhat agree,Somewhat agree,Somewhat agree,Somewhat agree,Somewhat agree,Somewhat agree,Neither agree nor disagree,Neither agree nor disagree,Neither agree nor disagree,,Should randomly comment to posts in the same topic,,,,Default post order in “community” page should be organized by random rather than by time,,,,,
2022-11-11 09:10:53,2022-11-11 09:15:09,IP Address,*******,100,255,True,2022-11-11 09:15:10,R_3RdCv966hd2jjQU,*******,*******,*******,*******,*******,*******,anonymous,EN,mrm397,Yes,"After I write a comment and click submit, that comment stays in the text box",Somewhat agree,Somewhat agree,Somewhat disagree,Strongly agree,Somewhat agree,Somewhat agree,Strongly agree,Strongly agree,Somewhat agree,Somewhat agree,Strongly agree,Somewhat disagree,,Should randomly comment to posts in the same topic,Should comment to posts that are not commented yet,,,,,Add links to profiles of whom left comments,,,
2022-11-11 09:19:25,2022-11-11 09:20:51,IP Address,*******,100,85,True,2022-11-11 09:20:51,R_3oFQipCrk5LMiC4,*******,*******,*******,*******,*******,*******,anonymous,EN,sn528,No,,Somewhat agree,Somewhat agree,Somewhat disagree,Somewhat agree,Somewhat agree,Somewhat agree,Somewhat agree,Somewhat agree,Somewhat disagree,Somewhat agree,Somewhat agree,Neither agree nor disagree,Our community should prioritize responding to each other’s comments (also count as comments) rather than always starting new comments.,,,,,Default post order in “community” page should be organized by random rather than by time,,Add links to profiles of whom left comments,,,
2022-11-11 09:26:05,2022-11-11 09:29:37,IP Address,*******,100,211,True,2022-11-11 09:29:37,R_3OiUWXXqq2zVs76,*******,*******,*******,*******,*******,*******,anonymous,EN,akw67,No,,Somewhat agree,Somewhat agree,Somewhat disagree,Strongly agree,Somewhat agree,Somewhat agree,Somewhat agree,Somewhat agree,Somewhat agree,Somewhat agree,Strongly agree,Somewhat disagree,Our community should prioritize responding to each other’s comments (also count as comments) rather than always starting new comments.,,,,,Default post order in “community” page should be organized by random rather than by time,,,,,
2022-11-11 09:27:54,2022-11-11 09:31:15,IP Address,*******,100,201,True,2022-11-11 09:31:16,R_3J4KtYdYkjeCGhK,*******,*******,*******,*******,*******,*******,anonymous,EN,cql2,No,,Somewhat agree,Somewhat agree,Neither agree nor disagree,Somewhat agree,Somewhat agree,Somewhat agree,Somewhat agree,Somewhat agree,Somewhat agree,Somewhat agree,Somewhat agree,Neither agree nor disagree,Our community should prioritize responding to each other’s comments (also count as comments) rather than always starting new comments.,,,,,,Add an @peers feature to ask for peers' opinions,,,,N/A
2022-11-11 09:31:31,2022-11-11 09:32:56,IP Address,*******,100,85,True,2022-11-11 09:32:56,R_2TQV7GayJjO0DM8,*******,*******,*******,*******,*******,*******,anonymous,EN,Ac2332,No,,Neither agree nor disagree,Somewhat agree,Somewhat disagree,Somewhat agree,Somewhat agree,Somewhat agree,Somewhat agree,Somewhat agree,Somewhat agree,Somewhat agree,Neither agree nor disagree,Neither agree nor disagree,,,Should comment to posts that are not commented yet,,,,,Add links to profiles of whom left comments,,,No
2022-11-11 09:36:25,2022-11-11 09:37:33,IP Address,*******,100,68,True,2022-11-11 09:37:34,R_cuLn59DiRYBVlwB,*******,*******,*******,*******,*******,*******,anonymous,EN,ss3298,No,,Somewhat agree,Somewhat agree,Strongly disagree,Strongly agree,Somewhat agree,Strongly agree,Strongly agree,Strongly agree,Strongly agree,Strongly agree,Strongly agree,Strongly agree,,Should randomly comment to posts in the same topic,Should comment to posts that are not commented yet,,,,Add an @peers feature to ask for peers' opinions,,,,
2022-11-11 09:39:24,2022-11-11 09:40:27,IP Address,*******,100,62,True,2022-11-11 09:40:27,R_3R3lF5bouk6kNug,*******,*******,*******,*******,*******,*******,anonymous,EN,Kl983,No,,Somewhat agree,Somewhat agree,Somewhat agree,Strongly agree,Strongly agree,Somewhat agree,Somewhat agree,Somewhat agree,Somewhat agree,Somewhat agree,Somewhat agree,Neither agree nor disagree,,,Should comment to posts that are not commented yet,,,,Add an @peers feature to ask for peers' opinions,Add links to profiles of whom left comments,,,
2022-11-11 09:34:47,2022-11-11 09:46:30,IP Address,*******,100,702,True,2022-11-11 09:46:30,R_1Q0hrchsQTkQ14Z,*******,*******,*******,*******,*******,*******,anonymous,EN,jcy54,No,,Somewhat agree,Somewhat agree,Strongly disagree,Strongly agree,Somewhat agree,Strongly agree,Strongly agree,Strongly agree,Somewhat agree,Strongly agree,Neither agree nor disagree,Neither agree nor disagree,,,,"Others, please specify",None,,,,"Others, please specify",None,
2022-11-11 09:46:29,2022-11-11 09:47:13,IP Address,*******,100,43,True,2022-11-11 09:47:13,R_2wty0CBuNubz987,*******,*******,*******,*******,*******,*******,anonymous,EN,msr268,No,,Strongly agree,Strongly agree,Strongly disagree,Strongly agree,Somewhat agree,Somewhat agree,Neither agree nor disagree,Somewhat agree,Strongly agree,Neither agree nor disagree,Strongly agree,Somewhat agree,,Should randomly comment to posts in the same topic,,,,,,Add links to profiles of whom left comments,,,
2022-11-11 09:48:46,2022-11-11 09:50:01,IP Address,*******,100,75,True,2022-11-11 09:50:01,R_28GJiZOFinOE8w9,*******,*******,*******,*******,*******,*******,anonymous,EN,Tma62,No,,Strongly agree,Strongly agree,Strongly disagree,Strongly agree,Strongly agree,Strongly agree,Strongly agree,Strongly agree,Strongly agree,Strongly agree,Strongly agree,Somewhat agree,Our community should prioritize responding to each other’s comments (also count as comments) rather than always starting new comments.,,,,,Default post order in “community” page should be organized by random rather than by time,,,,,
2022-11-11 10:13:34,2022-11-11 10:15:41,IP Address,*******,100,127,True,2022-11-11 10:15:41,R_2Sdf7imEB7vmF6N,*******,*******,*******,*******,*******,*******,anonymous,EN,crd229,No,,Somewhat agree,Somewhat agree,Somewhat disagree,Strongly agree,Somewhat agree,Strongly agree,Neither agree nor disagree,Somewhat agree,Strongly disagree,Somewhat disagree,Somewhat agree,Neither agree nor disagree,,,,"Others, please specify",N/A,,,,"Others, please specify",N/A,N/A
2022-11-11 12:50:40,2022-11-11 12:52:32,IP Address,*******,100,112,True,2022-11-11 12:52:33,R_1ohk7I3CnoPTQPA,*******,*******,*******,*******,*******,*******,anonymous,EN,rmg294,No,,Somewhat agree,Somewhat agree,Somewhat disagree,Strongly agree,Strongly agree,Strongly agree,Somewhat agree,Strongly agree,Somewhat agree,Somewhat agree,Somewhat disagree,Somewhat agree,,,Should comment to posts that are not commented yet,"Others, please specify",1 comment can be made on a post with no comments. and the other comment we have free choice,,Add an @peers feature to ask for peers' opinions,Add links to profiles of whom left comments,,,
2022-11-11 13:12:48,2022-11-11 13:14:11,IP Address,*******,100,83,True,2022-11-11 13:14:12,R_2B975COd7FrWPze,*******,*******,*******,*******,*******,*******,anonymous,EN,"dgh83 ",No,,Strongly agree,Strongly agree,Strongly disagree,Strongly agree,Somewhat agree,Somewhat agree,Strongly agree,Strongly agree,Somewhat disagree,Somewhat agree,Neither agree nor disagree,Neither agree nor disagree,Our community should prioritize responding to each other’s comments (also count as comments) rather than always starting new comments.,,,,,Default post order in “community” page should be organized by random rather than by time,,,,,
2022-11-11 10:39:01,2022-11-11 13:15:16,IP Address,*******,100,9375,True,2022-11-11 13:15:17,R_12fOriPpfVnuKSO,*******,*******,*******,*******,*******,*******,anonymous,EN,yl3262,No,,Neither agree nor disagree,Somewhat disagree,Somewhat agree,Somewhat agree,Somewhat agree,Somewhat agree,Somewhat agree,Neither agree nor disagree,Somewhat agree,Neither agree nor disagree,Somewhat agree,Somewhat disagree,,,Should comment to posts that are not commented yet,,,Default post order in “community” page should be organized by random rather than by time,,,,,
2022-11-11 13:18:22,2022-11-11 13:19:47,IP Address,*******,100,84,True,2022-11-11 13:19:47,R_1C880TUBbx4gFdd,*******,*******,*******,*******,*******,*******,anonymous,EN,jj526,No,,Somewhat agree,Somewhat agree,Neither agree nor disagree,Strongly agree,Strongly agree,Strongly agree,Somewhat agree,Somewhat agree,Somewhat agree,Somewhat agree,Neither agree nor disagree,Neither agree nor disagree,,Should randomly comment to posts in the same topic,,,,,,Add links to profiles of whom left comments,,,
2022-11-11 12:36:14,2022-11-11 13:49:55,IP Address,*******,100,4420,True,2022-11-11 13:49:55,R_BV7V2igEPB9LTa1,*******,*******,*******,*******,*******,*******,anonymous,EN,lc739,No,,Neither agree nor disagree,Neither agree nor disagree,Neither agree nor disagree,Neither agree nor disagree,Neither agree nor disagree,Somewhat agree,Somewhat agree,Somewhat agree,Somewhat agree,Somewhat agree,Neither agree nor disagree,Somewhat agree,Our community should prioritize responding to each other’s comments (also count as comments) rather than always starting new comments.,,,,,Default post order in “community” page should be organized by random rather than by time,,,,,
2022-11-11 14:37:14,2022-11-11 14:38:06,IP Address,*******,100,52,True,2022-11-11 14:38:06,R_2y3CC3MV8bfNGeQ,*******,*******,*******,*******,*******,*******,anonymous,EN,jrk297,No,,Somewhat agree,Somewhat agree,Somewhat disagree,Somewhat agree,Somewhat agree,Somewhat agree,Somewhat agree,Somewhat agree,Somewhat agree,Somewhat agree,Neither agree nor disagree,Somewhat disagree,Our community should prioritize responding to each other’s comments (also count as comments) rather than always starting new comments.,,,,,,Add an @peers feature to ask for peers' opinions,,,,
2022-11-11 14:48:30,2022-11-11 14:50:49,IP Address,*******,100,138,True,2022-11-11 14:50:49,R_2aWhiuKRVOMt2tq,*******,*******,*******,*******,*******,*******,anonymous,EN,cml324,No,,Somewhat agree,Somewhat agree,Somewhat disagree,Strongly agree,Somewhat agree,Somewhat agree,Strongly agree,Strongly agree,Somewhat agree,Strongly agree,Somewhat agree,Neither agree nor disagree,,,Should comment to posts that are not commented yet,,,,,Add links to profiles of whom left comments,,,
2022-11-11 18:08:36,2022-11-11 18:15:54,IP Address,*******,100,437,True,2022-11-11 18:15:54,R_2e83oqAw36KhAYC,*******,*******,*******,*******,*******,*******,anonymous,EN,iym4,No,,Somewhat agree,Somewhat agree,Somewhat disagree,Strongly agree,Strongly agree,Strongly agree,Strongly agree,Strongly agree,Somewhat agree,Somewhat agree,Somewhat agree,Somewhat disagree,,Should randomly comment to posts in the same topic,,,,,Add an @peers feature to ask for peers' opinions,,,,
2022-11-11 18:29:37,2022-11-11 18:31:25,IP Address,*******,100,108,True,2022-11-11 18:31:25,R_2wbsINRtqWDlCzS,*******,*******,*******,*******,*******,*******,anonymous,EN,Llw62,No,,Somewhat agree,Somewhat agree,Neither agree nor disagree,Somewhat agree,Somewhat agree,Somewhat agree,Neither agree nor disagree,Neither agree nor disagree,Somewhat disagree,Neither agree nor disagree,Somewhat agree,Somewhat disagree,Our community should prioritize responding to each other’s comments (also count as comments) rather than always starting new comments.,,,,,,,Add links to profiles of whom left comments,,,No
2022-11-11 23:12:33,2022-11-11 23:13:46,IP Address,*******,100,73,True,2022-11-11 23:13:47,R_2WVemMfq40vf3Tr,*******,*******,*******,*******,*******,*******,anonymous,EN,bt283,Yes,My comment count keeps resetting :(,Strongly agree,Strongly agree,Somewhat disagree,Strongly agree,Strongly agree,Strongly agree,Strongly agree,Strongly agree,Somewhat agree,Somewhat agree,Somewhat agree,Neither agree nor disagree,,,Should comment to posts that are not commented yet,,,,,Add links to profiles of whom left comments,,,
2022-11-12 09:59:17,2022-11-12 10:01:30,IP Address,*******,100,133,True,2022-11-12 10:01:31,R_2QxlsVuyZk7RmHr,*******,*******,*******,*******,*******,*******,anonymous,EN,jzt5,No,,Strongly agree,Strongly agree,Strongly disagree,Strongly agree,Strongly agree,Strongly agree,Strongly agree,Strongly agree,Strongly agree,Strongly agree,Neither agree nor disagree,Neither agree nor disagree,,,Should comment to posts that are not commented yet,,,,,Add links to profiles of whom left comments,,,
2022-11-12 10:13:13,2022-11-12 10:14:36,IP Address,*******,100,82,True,2022-11-12 10:14:36,R_1NagEcEggNlcgNZ,*******,*******,*******,*******,*******,*******,anonymous,EN,ly375,No,,Somewhat agree,Somewhat agree,Somewhat disagree,Strongly agree,Strongly agree,Somewhat agree,Somewhat agree,Strongly agree,Neither agree nor disagree,Somewhat agree,Somewhat agree,Neither agree nor disagree,,,Should comment to posts that are not commented yet,,,Default post order in “community” page should be organized by random rather than by time,Add an @peers feature to ask for peers' opinions,Add links to profiles of whom left comments,,,
2022-11-12 11:29:50,2022-11-12 11:34:55,IP Address,*******,100,305,True,2022-11-12 11:34:56,R_2YM9mf2PWzzb5LR,*******,*******,*******,*******,*******,*******,anonymous,EN,pa292,Yes,"When posting comments, the comment box does not clear after posting my comment. This makes it very confusing for the user to know whether or not their comment posted.",Somewhat agree,Somewhat agree,Strongly disagree,Strongly agree,Somewhat agree,Somewhat agree,Strongly agree,Strongly agree,Strongly agree,Strongly agree,Somewhat agree,Neither agree nor disagree,Our community should prioritize responding to each other’s comments (also count as comments) rather than always starting new comments.,,,,,,,Add links to profiles of whom left comments,,,"I enjoyed participating in this project, as I do think it enhanced my experience in the class and allowed for deeper understanding of the topics."
2022-11-12 11:51:07,2022-11-12 11:52:11,IP Address,*******,100,64,True,2022-11-12 11:52:12,R_Amv2Gzgd0jtImzv,*******,*******,*******,*******,*******,*******,anonymous,EN,hr262,No,,Somewhat agree,Strongly agree,Somewhat disagree,Somewhat agree,Strongly agree,Strongly agree,Strongly agree,Somewhat agree,Strongly agree,Somewhat agree,Neither agree nor disagree,Neither agree nor disagree,Our community should prioritize responding to each other’s comments (also count as comments) rather than always starting new comments.,,,,,Default post order in “community” page should be organized by random rather than by time,,,,,.
2022-11-12 12:24:51,2022-11-12 12:26:32,IP Address,*******,100,100,True,2022-11-12 12:26:32,R_3EaKS62n3eTXVng,*******,*******,*******,*******,*******,*******,anonymous,EN,esc82,No,,Somewhat agree,Strongly agree,Somewhat disagree,Strongly agree,Strongly agree,Somewhat agree,Strongly agree,Strongly agree,Strongly agree,Somewhat agree,Strongly agree,Somewhat disagree,,,Should comment to posts that are not commented yet,,,Default post order in “community” page should be organized by random rather than by time,,,,,N/A
2022-11-11 12:36:14,2022-11-12 13:04:56,IP Address,*******,100,88121,True,2022-11-12 13:04:57,R_10OvbQGUslRgNlp,*******,*******,*******,*******,*******,*******,anonymous,EN,ajk276,No,,Neither agree nor disagree,Neither agree nor disagree,Somewhat disagree,Strongly agree,Somewhat agree,Somewhat agree,Neither agree nor disagree,Somewhat agree,Strongly agree,Strongly agree,Neither agree nor disagree,Neither agree nor disagree,,Should randomly comment to posts in the same topic,,,,,,Add links to profiles of whom left comments,,,
2022-11-12 14:19:50,2022-11-12 14:20:30,IP Address,*******,100,39,True,2022-11-12 14:20:30,R_yIUj6bn4OcEArvP,*******,*******,*******,*******,*******,*******,anonymous,EN,shl235,No,,Neither agree nor disagree,Neither agree nor disagree,Neither agree nor disagree,Neither agree nor disagree,Neither agree nor disagree,Neither agree nor disagree,Neither agree nor disagree,Neither agree nor disagree,Neither agree nor disagree,Neither agree nor disagree,Neither agree nor disagree,Neither agree nor disagree,,Should randomly comment to posts in the same topic,,,,,Add an @peers feature to ask for peers' opinions,,,,
2022-11-12 14:34:05,2022-11-12 14:35:58,IP Address,*******,100,112,True,2022-11-12 14:35:58,R_3s4bM7p8Ech4Qq2,*******,*******,*******,*******,*******,*******,anonymous,EN,nam97,No,,Strongly agree,Strongly agree,Strongly disagree,Strongly agree,Strongly agree,Strongly agree,Strongly agree,Strongly agree,Strongly agree,Strongly agree,Strongly agree,Strongly disagree,Our community should prioritize responding to each other’s comments (also count as comments) rather than always starting new comments.,,,,,,,Add links to profiles of whom left comments,,,
2022-11-12 15:34:29,2022-11-12 15:35:20,IP Address,*******,100,50,True,2022-11-12 15:35:20,R_1H6LzcUIkp7hIqt,*******,*******,*******,*******,*******,*******,anonymous,EN,dmk289,No,,Somewhat agree,Somewhat agree,Strongly disagree,Strongly agree,Somewhat agree,Strongly agree,Strongly agree,Strongly agree,Somewhat agree,Somewhat agree,Somewhat agree,Neither agree nor disagree,Our community should prioritize responding to each other’s comments (also count as comments) rather than always starting new comments.,,,,,,Add an @peers feature to ask for peers' opinions,,,,
2022-11-12 15:55:08,2022-11-12 15:57:02,IP Address,*******,100,114,True,2022-11-12 15:57:03,R_2V2tRO9gQbh9AjK,*******,*******,*******,*******,*******,*******,anonymous,EN,ecs273,No,,Somewhat agree,Somewhat agree,Strongly disagree,Strongly agree,Strongly agree,Strongly agree,Strongly agree,Strongly agree,Strongly agree,Somewhat agree,Somewhat agree,Neither agree nor disagree,Our community should prioritize responding to each other’s comments (also count as comments) rather than always starting new comments.,,,,,,Add an @peers feature to ask for peers' opinions,Add links to profiles of whom left comments,,,
2022-11-12 16:48:59,2022-11-12 16:51:19,IP Address,*******,100,139,True,2022-11-12 16:51:19,R_3qP9zuYZXIKEnZk,*******,*******,*******,*******,*******,*******,anonymous,EN,cjp222,No,,Somewhat agree,Somewhat agree,Somewhat disagree,Strongly agree,Strongly agree,Strongly agree,Somewhat agree,Somewhat agree,Strongly agree,Somewhat agree,Somewhat agree,Neither agree nor disagree,,Should randomly comment to posts in the same topic,,,,,Add an @peers feature to ask for peers' opinions,Add links to profiles of whom left comments,,,no
2022-11-12 18:17:18,2022-11-12 18:18:41,IP Address,*******,100,83,True,2022-11-12 18:18:41,R_3qR8XGhLUv2Rsgl,*******,*******,*******,*******,*******,*******,anonymous,EN,dmf236,No,,Neither agree nor disagree,Neither agree nor disagree,Neither agree nor disagree,Somewhat agree,Somewhat agree,Neither agree nor disagree,Somewhat agree,Somewhat agree,Somewhat agree,Somewhat agree,Somewhat agree,Neither agree nor disagree,,,Should comment to posts that are not commented yet,,,,Add an @peers feature to ask for peers' opinions,,,,
2022-11-12 19:07:02,2022-11-12 19:08:31,IP Address,*******,100,89,True,2022-11-12 19:08:32,R_1CJVHtaa2QN26jC,*******,*******,*******,*******,*******,*******,anonymous,EN,fs369,No,,Somewhat agree,Neither agree nor disagree,Somewhat agree,Somewhat agree,Somewhat agree,Somewhat disagree,Neither agree nor disagree,Somewhat agree,Somewhat disagree,Somewhat agree,Somewhat agree,Somewhat disagree,Our community should prioritize responding to each other’s comments (also count as comments) rather than always starting new comments.,,,,,,,Add links to profiles of whom left comments,,,
2022-11-12 19:39:09,2022-11-12 19:59:22,IP Address,*******,100,1213,True,2022-11-12 19:59:22,R_3KSHvNRCobOUyGk,*******,*******,*******,*******,*******,*******,anonymous,EN,ave23,No,,Somewhat agree,Strongly agree,Somewhat disagree,Strongly agree,Strongly agree,Strongly agree,Somewhat agree,Strongly agree,Neither agree nor disagree,Somewhat agree,Strongly agree,Neither agree nor disagree,,,Should comment to posts that are not commented yet,,,Default post order in “community” page should be organized by random rather than by time,,,,,
2022-11-13 04:16:20,2022-11-13 04:18:05,IP Address,*******,100,104,True,2022-11-13 04:18:05,R_3k5MbFzl9f84KM6,*******,*******,*******,*******,*******,*******,anonymous,EN,mg2265,No,,Strongly agree,Strongly agree,Somewhat disagree,Strongly agree,Strongly agree,Strongly agree,Strongly agree,Strongly disagree,Strongly agree,Strongly agree,Strongly agree,Strongly agree,Our community should prioritize responding to each other’s comments (also count as comments) rather than always starting new comments.,,,,,Default post order in “community” page should be organized by random rather than by time,Add an @peers feature to ask for peers' opinions,,,,n/A
2022-11-13 05:58:57,2022-11-13 06:01:15,IP Address,*******,100,137,True,2022-11-13 06:01:15,R_31nOb2Y40BNrtkl,*******,*******,*******,*******,*******,*******,anonymous,EN,"mcd237 ",No,,Somewhat agree,Somewhat agree,Somewhat disagree,Strongly agree,Strongly agree,Strongly agree,Strongly agree,Somewhat agree,Strongly agree,Somewhat agree,Neither agree nor disagree,Somewhat disagree,Our community should prioritize responding to each other’s comments (also count as comments) rather than always starting new comments.,,,,,,Add an @peers feature to ask for peers' opinions,,,,
2022-11-13 08:55:18,2022-11-13 08:56:35,IP Address,*******,100,76,True,2022-11-13 08:56:35,R_2f9RcNXXHsbMECJ,*******,*******,*******,*******,*******,*******,anonymous,EN,ep443,No,,Strongly agree,Strongly agree,Somewhat disagree,Strongly agree,Strongly agree,Strongly agree,Strongly agree,Somewhat agree,Strongly agree,Neither agree nor disagree,Strongly agree,Strongly agree,,Should randomly comment to posts in the same topic,,,,,,Add links to profiles of whom left comments,,,
2022-11-13 09:18:16,2022-11-13 09:20:03,IP Address,*******,100,107,True,2022-11-13 09:20:04,R_29prI59nrbXMxvK,*******,*******,*******,*******,*******,*******,anonymous,EN,cs2338,No,,Neither agree nor disagree,Neither agree nor disagree,Somewhat disagree,Somewhat agree,Somewhat agree,Somewhat agree,Somewhat agree,Somewhat agree,Somewhat agree,Neither agree nor disagree,Strongly agree,Somewhat agree,,,Should comment to posts that are not commented yet,,,Default post order in “community” page should be organized by random rather than by time,,,,,
2022-11-13 10:45:29,2022-11-13 10:46:42,IP Address,*******,100,72,True,2022-11-13 10:46:42,R_2PbO4FdxcFtJUqT,*******,*******,*******,*******,*******,*******,anonymous,EN,mnr34,No,,Somewhat agree,Somewhat agree,Somewhat disagree,Strongly agree,Strongly agree,Strongly agree,Somewhat agree,Strongly agree,Strongly agree,Somewhat agree,Somewhat agree,Neither agree nor disagree,,Should randomly comment to posts in the same topic,,,,Default post order in “community” page should be organized by random rather than by time,,Add links to profiles of whom left comments,,,
2022-11-13 11:30:57,2022-11-13 11:33:46,IP Address,*******,100,168,True,2022-11-13 11:33:46,R_1BVkN93DhmRL7B7,*******,*******,*******,*******,*******,*******,anonymous,EN,jc2539,No,,Somewhat agree,Strongly agree,Strongly disagree,Strongly agree,Strongly agree,Strongly agree,Strongly agree,Strongly agree,Somewhat agree,Somewhat agree,Somewhat agree,Neither agree nor disagree,Our community should prioritize responding to each other’s comments (also count as comments) rather than always starting new comments.,,,,,Default post order in “community” page should be organized by random rather than by time,,,,,
2022-11-13 13:03:21,2022-11-13 13:04:58,IP Address,*******,100,96,True,2022-11-13 13:04:58,R_1HpfEABGPbmnqKQ,*******,*******,*******,*******,*******,*******,anonymous,EN,Emf227,No,,Somewhat agree,Somewhat agree,Somewhat disagree,Strongly agree,Strongly agree,Strongly agree,Strongly agree,Strongly agree,Strongly agree,Strongly agree,Somewhat agree,Strongly agree,Our community should prioritize responding to each other’s comments (also count as comments) rather than always starting new comments.,Should randomly comment to posts in the same topic,Should comment to posts that are not commented yet,,,Default post order in “community” page should be organized by random rather than by time,Add an @peers feature to ask for peers' opinions,Add links to profiles of whom left comments,,,
2022-11-13 13:20:43,2022-11-13 13:22:03,IP Address,*******,100,79,True,2022-11-13 13:22:03,R_2WI1FCsrFB3VBKk,*******,*******,*******,*******,*******,*******,anonymous,EN,mm2577,No,,Strongly agree,Strongly agree,Strongly agree,Strongly agree,Strongly agree,Strongly agree,Strongly agree,Strongly agree,Strongly agree,Strongly agree,Strongly agree,Somewhat agree,,,Should comment to posts that are not commented yet,,,,,Add links to profiles of whom left comments,,,
2022-11-13 14:29:03,2022-11-13 14:30:23,IP Address,*******,100,79,True,2022-11-13 14:30:23,R_27d6kna13UkfUbS,*******,*******,*******,*******,*******,*******,anonymous,EN,ajk275,No,,Neither agree nor disagree,Neither agree nor disagree,Somewhat disagree,Neither agree nor disagree,Neither agree nor disagree,Somewhat agree,Somewhat agree,Somewhat agree,Somewhat agree,Somewhat agree,Somewhat agree,Neither agree nor disagree,Our community should prioritize responding to each other’s comments (also count as comments) rather than always starting new comments.,,,,,Default post order in “community” page should be organized by random rather than by time,,Add links to profiles of whom left comments,,,
2022-11-13 14:38:41,2022-11-13 14:40:05,IP Address,*******,100,83,True,2022-11-13 14:40:05,R_7TWGaqH4uqqZWUh,*******,*******,*******,*******,*******,*******,anonymous,EN,nrb84,No,,Strongly agree,Strongly agree,Strongly disagree,Strongly agree,Strongly agree,Strongly agree,Strongly agree,Strongly agree,Strongly agree,Strongly agree,Neither agree nor disagree,Somewhat agree,Our community should prioritize responding to each other’s comments (also count as comments) rather than always starting new comments.,,,,,,,Add links to profiles of whom left comments,,,
2022-11-13 14:50:25,2022-11-13 14:52:05,IP Address,*******,100,100,True,2022-11-13 14:52:06,R_1fjQXkLGmsu7cc0,*******,*******,*******,*******,*******,*******,anonymous,EN,jw832,No,,Somewhat agree,Somewhat agree,Neither agree nor disagree,Strongly agree,Strongly agree,Somewhat agree,Strongly agree,Somewhat agree,Somewhat agree,Strongly agree,Strongly agree,Somewhat disagree,,Should randomly comment to posts in the same topic,,,,Default post order in “community” page should be organized by random rather than by time,,,,,
2022-11-13 18:13:51,2022-11-13 18:15:46,IP Address,*******,100,114,True,2022-11-13 18:15:46,R_1fa4KZhhuakgR8F,*******,*******,*******,*******,*******,*******,anonymous,EN,rgh227,No,,Neither agree nor disagree,Neither agree nor disagree,Neither agree nor disagree,Neither agree nor disagree,Neither agree nor disagree,Neither agree nor disagree,Neither agree nor disagree,Neither agree nor disagree,Neither agree nor disagree,Neither agree nor disagree,Neither agree nor disagree,Neither agree nor disagree,,Should randomly comment to posts in the same topic,,,,,Add an @peers feature to ask for peers' opinions,,,,
2022-11-13 18:28:36,2022-11-13 18:29:35,IP Address,*******,100,58,True,2022-11-13 18:29:35,R_2rVqdB09Jj5DO7o,*******,*******,*******,*******,*******,*******,anonymous,EN,yl3498,No,,Strongly agree,Strongly agree,Strongly agree,Strongly agree,Strongly agree,Strongly agree,Strongly agree,Strongly agree,Strongly agree,Strongly agree,Strongly agree,Strongly agree,,,Should comment to posts that are not commented yet,,,,Add an @peers feature to ask for peers' opinions,,,,
2022-11-13 21:25:16,2022-11-13 21:26:50,IP Address,*******,100,93,True,2022-11-13 21:26:50,R_2P5mCvX1kAbwGLe,*******,*******,*******,*******,*******,*******,anonymous,EN,rls457,No,,Strongly disagree,Strongly disagree,Somewhat agree,Neither agree nor disagree,Neither agree nor disagree,Neither agree nor disagree,Somewhat disagree,Somewhat disagree,Somewhat agree,Strongly disagree,Neither agree nor disagree,Neither agree nor disagree,Our community should prioritize responding to each other’s comments (also count as comments) rather than always starting new comments.,,,,,Default post order in “community” page should be organized by random rather than by time,,,,,
2022-11-07 10:27:38,2022-11-07 10:27:53,IP Address,*******,14,15,False,2022-11-14 10:33:55,R_0ktTVE180g5jOVP,*******,*******,*******,*******,*******,*******,anonymous,EN,Wc465,No,,,,,,,,,,,,,,,,,,,,,,,,
2022-11-15 13:15:58,2022-11-15 13:17:04,IP Address,*******,100,65,True,2022-11-15 13:17:05,R_2xSoNUH4dOVf8dv,*******,*******,*******,*******,*******,*******,anonymous,EN,ck767,No,,Somewhat agree,Somewhat agree,Somewhat disagree,Somewhat agree,Somewhat agree,Somewhat agree,Somewhat agree,Somewhat agree,Somewhat agree,Somewhat agree,Somewhat agree,Somewhat agree,,Should randomly comment to posts in the same topic,Should comment to posts that are not commented yet,,,Default post order in “community” page should be organized by random rather than by time,,,,,
2022-11-15 14:19:45,2022-11-15 14:20:52,IP Address,*******,100,67,True,2022-11-15 14:20:52,R_3KZ3nTFHx7dM4GX,*******,*******,*******,*******,*******,*******,anonymous,EN,aqg4,No,,Somewhat agree,Somewhat agree,Somewhat disagree,Somewhat agree,Somewhat agree,Somewhat agree,Strongly agree,Strongly agree,Strongly agree,Somewhat agree,Somewhat disagree,Neither agree nor disagree,Our community should prioritize responding to each other’s comments (also count as comments) rather than always starting new comments.,,Should comment to posts that are not commented yet,,,,,Add links to profiles of whom left comments,,,
2022-11-11 09:10:22,2022-11-11 09:11:19,IP Address,*******,71,57,False,2022-11-18 09:11:20,R_1rPkTNmfA6iprxs,*******,*******,*******,*******,*******,*******,anonymous,EN,bmd226,No,,Somewhat disagree,Somewhat disagree,Somewhat agree,Somewhat disagree,Somewhat disagree,Somewhat disagree,Somewhat agree,Somewhat agree,Somewhat disagree,Somewhat disagree,,,,,,,,,,,,,
2022-11-12 11:26:13,2022-11-12 11:27:41,IP Address,*******,86,87,False,2022-11-19 11:27:46,R_3dXn1BiGpuevX0x,*******,*******,*******,*******,*******,*******,anonymous,EN,jcl356,No,,Somewhat agree,Somewhat agree,Somewhat disagree,Strongly agree,Somewhat agree,Strongly agree,Strongly agree,Somewhat agree,Neither agree nor disagree,Somewhat agree,Strongly agree,Neither agree nor disagree,,,,,,,,,,,
2022-11-07 08:05:26,2022-11-12 13:19:12,IP Address,*******,14,450825,False,2022-11-19 13:19:14,R_UgqgxBEopi3O2wp,*******,*******,*******,*******,*******,*******,anonymous,EN,zrr5,No,,,,,,,,,,,,,,,,,,,,,,,,
2022-11-19 21:05:19,2022-11-19 21:13:15,IP Address,*******,100,475,True,2022-11-19 21:13:15,R_RyRqBldW7jUcPG9,*******,*******,*******,*******,*******,*******,anonymous,EN,Als475,No,,Somewhat agree,Somewhat agree,Somewhat disagree,Strongly agree,Somewhat agree,Somewhat agree,Somewhat agree,Somewhat agree,Somewhat disagree,Somewhat agree,Somewhat agree,Somewhat disagree,Our community should prioritize responding to each other’s comments (also count as comments) rather than always starting new comments.,,Should comment to posts that are not commented yet,,,,,Add links to profiles of whom left comments,,,
2022-11-20 11:43:16,2022-11-20 11:44:38,IP Address,*******,100,81,True,2022-11-20 11:44:38,R_3L6fGxdVwT8lxWa,*******,*******,*******,*******,*******,*******,anonymous,EN,mm2577,No,,Strongly agree,Strongly agree,Strongly agree,Strongly agree,Strongly agree,Strongly agree,Strongly agree,Strongly agree,Strongly agree,Strongly agree,Somewhat agree,Somewhat agree,,,Should comment to posts that are not commented yet,,,Default post order in “community” page should be organized by random rather than by time,,,,,
2022-11-20 19:26:19,2022-11-20 19:27:17,IP Address,*******,100,57,True,2022-11-20 19:27:17,R_2bNKLBspXNM52kh,*******,*******,*******,*******,*******,*******,anonymous,EN,ecs273,No,,Somewhat agree,Somewhat agree,Strongly disagree,Strongly agree,Strongly agree,Strongly agree,Strongly agree,Strongly agree,Somewhat agree,Strongly agree,Somewhat agree,Neither agree nor disagree,,,Should comment to posts that are not commented yet,,,,,Add links to profiles of whom left comments,,,
2022-11-13 19:49:12,2022-11-13 19:50:35,IP Address,*******,14,83,False,2022-11-20 19:50:37,R_3iDpHHeNli0oCrE,*******,*******,*******,*******,*******,*******,anonymous,EN,ay283,No,,,,,,,,,,,,,,,,,,,,,,,,
2022-11-15 18:40:10,2022-11-15 18:40:25,IP Address,*******,14,15,False,2022-11-22 18:40:35,R_1Cl0xMDdt0uNuMb,*******,*******,*******,*******,*******,*******,anonymous,EN,bt283,Yes,,,,,,,,,,,,,,,,,,,,,,,,
2022-11-26 00:17:44,2022-11-26 00:20:17,IP Address,*******,100,153,True,2022-11-26 00:20:18,R_11b8OA2IBkG0JN7,*******,*******,*******,*******,*******,*******,anonymous,EN,jx235,No,,Strongly agree,Strongly agree,Strongly disagree,Strongly agree,Strongly agree,Somewhat agree,Strongly agree,Strongly agree,Strongly agree,Strongly agree,Strongly agree,Neither agree nor disagree,Our community should prioritize responding to each other’s comments (also count as comments) rather than always starting new comments.,,Should comment to posts that are not commented yet,,,,,Add links to profiles of whom left comments,,,NA
2022-11-26 21:15:58,2022-11-26 21:17:51,IP Address,*******,100,113,True,2022-11-26 21:17:52,R_3dVOFrXuUfUel95,*******,*******,*******,*******,*******,*******,anonymous,EN,ecs273,No,,Strongly agree,Strongly agree,Strongly disagree,Strongly agree,Strongly agree,Strongly agree,Strongly agree,Strongly agree,Strongly agree,Strongly agree,Somewhat agree,Neither agree nor disagree,Our community should prioritize responding to each other’s comments (also count as comments) rather than always starting new comments.,,,,,,Add an @peers feature to ask for peers' opinions,Add links to profiles of whom left comments,,,
2022-11-21 09:09:11,2022-11-21 09:10:01,IP Address,*******,14,50,False,2022-11-28 09:10:03,R_2t3eXgset27NzH3,*******,*******,*******,*******,*******,*******,anonymous,EN,kad279,No,,,,,,,,,,,,,,,,,,,,,,,,
