StartDate,EndDate,Status,IPAddress,Progress,Duration (in seconds),Finished,RecordedDate,ResponseId,RecipientLastName,RecipientFirstName,RecipientEmail,ExternalReference,LocationLatitude,LocationLongitude,DistributionChannel,UserLanguage,Q20,Q2,Q3,Q5,Q6,Q7,Q8,Q9,Q10,Q11,Q12,Q13,Q14,Q16_1,Q16_2,Q16_3,Q16_4,Q16_5,Q16_5_TEXT,Q17_1,Q17_2,Q17_3,Q17_4,Q17_5,Q17_6,Q17_6_TEXT,Q21
Start Date,End Date,Response Type,IP Address,Progress,Duration (in seconds),Finished,Recorded Date,Response ID,Recipient Last Name,Recipient First Name,Recipient Email,External Data Reference,Location Latitude,Location Longitude,Distribution Channel,User Language,What is your NetId (e.g. wz334),Did you encounter any technical bugs when using the app?,What bugs did you meet?,I enjoyed participating in this project.,This project was interesting.,I did not care about what I did in this project.,This project helped me apply theories/concepts in real-life situations.,This project helped me have a deeper understanding of theories/concepts taught in DEA1500.,This project helped me have a better understanding of my physical surroundings.,I put effort into posting and commenting.,I tried to find a good scenario to post every time.,I kept browsing through peers’ posts to understand their ideas.,I tried to enhance my understanding of the course knowledge through reading others’ comments on my posts.,What possible changes to the guideline do you think would increase your engagement in this project? - Selected Choice - Comments should NOT be mandatory,"What possible changes to the guideline do you think would increase your engagement in this project? - Selected Choice - ""cool"", ""funny"", ""useful"" reactions should be mandatory",What possible changes to the guideline do you think would increase your engagement in this project? - Selected Choice - Should use mobile device instead of laptop to post,What possible changes to the guideline do you think would increase your engagement in this project? - Selected Choice - Add a title to the post to summarize the post content,"What possible changes to the guideline do you think would increase your engagement in this project? - Selected Choice - Others, please specify","What possible changes to the guideline do you think would increase your engagement in this project? - Others, please specify - Text","What possible changes to the app do you think would increase your engagement in this project? - Selected Choice - Show the topic (HER process) of each post in ""community"" page",What possible changes to the app do you think would increase your engagement in this project? - Selected Choice - Add a summary list of all posts’ titles in “community” page,"What possible changes to the app do you think would increase your engagement in this project? - Selected Choice - Just use ""like"" instead of ""cool"", ""funny"", ""useful""",What possible changes to the app do you think would increase your engagement in this project? - Selected Choice - Add links to profiles of whom left comments,What possible changes to the app do you think would increase your engagement in this project? - Selected Choice - Add a filter to only see posts by friends,"What possible changes to the app do you think would increase your engagement in this project? - Selected Choice - Others, please specify","What possible changes to the app do you think would increase your engagement in this project? - Others, please specify - Text",Is there anything you want to share with us regarding your experience participating in this project?
"{""ImportId"":""startDate"",""timeZone"":""America/Denver""}","{""ImportId"":""endDate"",""timeZone"":""America/Denver""}","{""ImportId"":""status""}","{""ImportId"":""ipAddress""}","{""ImportId"":""progress""}","{""ImportId"":""duration""}","{""ImportId"":""finished""}","{""ImportId"":""recordedDate"",""timeZone"":""America/Denver""}","{""ImportId"":""_recordId""}","{""ImportId"":""recipientLastName""}","{""ImportId"":""recipientFirstName""}","{""ImportId"":""recipientEmail""}","{""ImportId"":""externalDataReference""}","{""ImportId"":""locationLatitude""}","{""ImportId"":""locationLongitude""}","{""ImportId"":""distributionChannel""}","{""ImportId"":""userLanguage""}","{""ImportId"":""QID20_TEXT""}","{""ImportId"":""QID2""}","{""ImportId"":""QID3_TEXT""}","{""ImportId"":""QID5""}","{""ImportId"":""QID6""}","{""ImportId"":""QID7""}","{""ImportId"":""QID8""}","{""ImportId"":""QID9""}","{""ImportId"":""QID10""}","{""ImportId"":""QID11""}","{""ImportId"":""QID12""}","{""ImportId"":""QID13""}","{""ImportId"":""QID14""}","{""ImportId"":""QID16"",""choiceId"":""1""}","{""ImportId"":""QID16"",""choiceId"":""2""}","{""ImportId"":""QID16"",""choiceId"":""3""}","{""ImportId"":""QID16"",""choiceId"":""4""}","{""ImportId"":""QID16"",""choiceId"":""5""}","{""ImportId"":""QID16_5_TEXT""}","{""ImportId"":""QID17"",""choiceId"":""1""}","{""ImportId"":""QID17"",""choiceId"":""2""}","{""ImportId"":""QID17"",""choiceId"":""3""}","{""ImportId"":""QID17"",""choiceId"":""4""}","{""ImportId"":""QID17"",""choiceId"":""5""}","{""ImportId"":""QID17"",""choiceId"":""6""}","{""ImportId"":""QID17_6_TEXT""}","{""ImportId"":""QID21_TEXT""}"
2022-09-25 13:28:40,2022-09-25 13:29:02,IP Address,*******,100,21,True,2022-09-25 13:29:02,R_1Fx57yMEXO2rZnQ,*******,*******,*******,*******,*******,*******,anonymous,EN,,,,,,,,,,,,,,,,,,,,,,,,,,,
2022-09-25 18:43:41,2022-09-25 18:48:53,IP Address,*******,100,312,True,2022-09-25 18:48:53,R_1GU4qfE4rF6coZe,*******,*******,*******,*******,*******,*******,anonymous,EN,,,,,,,,,,,,,,,,,,,,,,,,,,,
2022-09-25 20:08:57,2022-09-25 20:11:36,IP Address,*******,100,158,True,2022-09-25 20:11:36,R_3NxO7r0IYBt92V6,*******,*******,*******,*******,*******,*******,anonymous,EN,,,,,,,,,,,,,,,,,,,,,,,,,,,
2022-09-25 20:11:44,2022-09-25 20:13:40,IP Address,*******,100,115,True,2022-09-25 20:13:41,R_3QEtxAMC3qO4B16,*******,*******,*******,*******,*******,*******,anonymous,EN,,,,,,,,,,,,,,,,,,,,,,,,,,,
2022-09-25 20:13:46,2022-09-25 20:14:35,IP Address,*******,100,49,True,2022-09-25 20:14:35,R_1fm8jasrbY4bZzO,*******,*******,*******,*******,*******,*******,anonymous,EN,,,,,,,,,,,,,,,,,,,,,,,,,,,
2022-09-25 20:14:41,2022-09-25 20:19:55,IP Address,*******,100,314,True,2022-09-25 20:19:56,R_BKXdEXv0rTC7j8Z,*******,*******,*******,*******,*******,*******,anonymous,EN,,,,,,,,,,,,,,,,,,,,,,,,,,,
2022-09-25 23:49:41,2022-09-25 23:50:24,IP Address,*******,100,42,True,2022-09-25 23:50:24,R_D17qeKm22hJv1Gp,*******,*******,*******,*******,*******,*******,anonymous,EN,dfd,No,,Strongly disagree,Strongly disagree,Somewhat agree,Strongly disagree,Strongly disagree,Somewhat agree,Somewhat agree,Strongly agree,Neither agree nor disagree,Neither agree nor disagree,,"""cool"", ""funny"", ""useful"" reactions should be mandatory",,,,,,,"Just use ""like"" instead of ""cool"", ""funny"", ""useful""",,Add a filter to only see posts by friends,,,
2022-09-25 21:03:13,2022-09-25 23:51:53,IP Address,*******,100,10119,True,2022-09-25 23:51:53,R_3Dpum1eEQJMOMZb,*******,*******,*******,*******,*******,*******,anonymous,EN,yh294,No,,Strongly agree,Strongly agree,Strongly disagree,Somewhat agree,Strongly agree,Strongly agree,Strongly agree,Somewhat agree,Somewhat agree,Somewhat agree,,,,Add a title to the post to summarize the post content,,,"Show the topic (HER process) of each post in ""community"" page",,,,,,,
2022-09-26 01:00:38,2022-09-26 01:29:40,IP Address,*******,100,1742,True,2022-09-26 01:29:40,R_12lmLZ3U20ShjAt,*******,*******,*******,*******,*******,*******,anonymous,EN,eew64,No,,Strongly agree,Somewhat agree,Neither agree nor disagree,Strongly agree,Somewhat agree,Somewhat disagree,Somewhat agree,Somewhat agree,Strongly disagree,Strongly disagree,Comments should NOT be mandatory,,,,,,"Show the topic (HER process) of each post in ""community"" page",,"Just use ""like"" instead of ""cool"", ""funny"", ""useful""",,,,,
2022-09-26 07:00:12,2022-09-26 07:10:08,IP Address,*******,100,595,True,2022-09-26 07:10:08,R_3foZnS56QPQGTAA,*******,*******,*******,*******,*******,*******,anonymous,EN,cf367,Yes,,,,,,,,,,,,,,Should use mobile device instead of laptop to post,Add a title to the post to summarize the post content,,,"Show the topic (HER process) of each post in ""community"" page",,,,,,,
2022-09-25 20:51:56,2022-09-26 08:25:42,IP Address,*******,100,41625,True,2022-09-26 08:25:43,R_2Cwwz4SAGmxMo3M,*******,*******,*******,*******,*******,*******,anonymous,EN,,,,,,,,,,,,,,,,,,,,,,,,,,,
2022-09-25 18:30:42,2022-09-26 08:29:08,IP Address,*******,100,50305,True,2022-09-26 08:29:08,R_1MZgophpx26VlAI,*******,*******,*******,*******,*******,*******,anonymous,EN,,,,,,,,,,,,,,,,,,,,,,,,,,,
2022-09-26 08:25:45,2022-09-26 08:31:37,IP Address,*******,100,352,True,2022-09-26 08:31:38,R_UMl7SZeri4Ioz61,*******,*******,*******,*******,*******,*******,anonymous,EN,al985,No,,,,,,,,,,,,,,,,"Others, please specify",N/A,,,,,,"Others, please specify",N/A,
2022-09-26 09:07:33,2022-09-26 09:12:55,IP Address,*******,100,322,True,2022-09-26 09:12:56,R_1Opo6Fv3Qea9XXQ,*******,*******,*******,*******,*******,*******,anonymous,EN,psp42,No,,Somewhat agree,Strongly agree,Somewhat disagree,Strongly agree,Somewhat agree,Somewhat agree,Somewhat agree,Somewhat agree,Somewhat agree,Somewhat agree,Comments should NOT be mandatory,,,,,,,,"Just use ""like"" instead of ""cool"", ""funny"", ""useful""",,,,,N/A
2022-09-26 09:15:39,2022-09-26 09:17:39,IP Address,*******,100,120,True,2022-09-26 09:17:40,R_9LAeQXcWjyz68Vj,*******,*******,*******,*******,*******,*******,anonymous,EN,jta52,No,,Strongly agree,Strongly agree,Somewhat disagree,Strongly agree,Strongly agree,Strongly agree,Strongly agree,Strongly agree,Strongly agree,Strongly agree,,,,Add a title to the post to summarize the post content,,,,Add a summary list of all posts’ titles in “community” page,,Add links to profiles of whom left comments,,,,N/A
2022-09-26 09:17:40,2022-09-26 09:19:53,IP Address,*******,100,132,True,2022-09-26 09:19:54,R_2E9OWIKN7EmwrtS,*******,*******,*******,*******,*******,*******,anonymous,EN,kv245,Yes,Both weeks when I tried creating a post it gave an error and didn’t upload it,Neither agree nor disagree,Somewhat agree,Somewhat disagree,Strongly agree,Somewhat agree,Strongly agree,Somewhat agree,Strongly agree,Neither agree nor disagree,Somewhat agree,,,,Add a title to the post to summarize the post content,,,"Show the topic (HER process) of each post in ""community"" page",,,Add links to profiles of whom left comments,Add a filter to only see posts by friends,,,
2022-09-26 09:19:04,2022-09-26 09:21:02,IP Address,*******,100,118,True,2022-09-26 09:21:02,R_24cJHeIoBQUaxhW,*******,*******,*******,*******,*******,*******,anonymous,EN,"Sls495 ",No,,Somewhat agree,Neither agree nor disagree,Somewhat disagree,Somewhat agree,Strongly agree,Neither agree nor disagree,Somewhat agree,Somewhat agree,Somewhat agree,Somewhat agree,,,Should use mobile device instead of laptop to post,,,,"Show the topic (HER process) of each post in ""community"" page",,,,,,,
2022-09-26 09:21:42,2022-09-26 09:22:55,IP Address,*******,100,72,True,2022-09-26 09:22:56,R_2VBHYzW3LlopcaG,*******,*******,*******,*******,*******,*******,anonymous,EN,jrd327,No,,Somewhat agree,Somewhat agree,Somewhat disagree,Somewhat agree,Somewhat agree,Strongly agree,Strongly agree,Strongly agree,Strongly agree,Somewhat agree,,,Should use mobile device instead of laptop to post,,,,"Show the topic (HER process) of each post in ""community"" page",,,,,,,
2022-09-26 09:24:30,2022-09-26 09:25:35,IP Address,*******,100,64,True,2022-09-26 09:25:35,R_270SirB7BdZjUpr,*******,*******,*******,*******,*******,*******,anonymous,EN,jj526,No,,Somewhat agree,Somewhat agree,Somewhat agree,Strongly agree,Strongly agree,Strongly agree,Somewhat agree,Somewhat agree,Neither agree nor disagree,Somewhat agree,Comments should NOT be mandatory,,,,,,"Show the topic (HER process) of each post in ""community"" page",Add a summary list of all posts’ titles in “community” page,,,,,,
2022-09-26 09:25:59,2022-09-26 09:28:45,IP Address,*******,100,165,True,2022-09-26 09:28:46,R_2ux0mrzGmqPbMD6,*******,*******,*******,*******,*******,*******,anonymous,EN,gme35,No,,Strongly agree,Strongly agree,Strongly disagree,Strongly agree,Strongly agree,Strongly agree,Strongly agree,Strongly agree,Strongly agree,Strongly agree,,,Should use mobile device instead of laptop to post,,,,,Add a summary list of all posts’ titles in “community” page,,,,,,
2022-09-26 09:27:53,2022-09-26 09:29:57,IP Address,*******,100,124,True,2022-09-26 09:29:57,R_271EIhD8chNXaQd,*******,*******,*******,*******,*******,*******,anonymous,EN,smg377,Yes,"When I posted a comment, the comment still showed up in my text box as though I did not post it.",Somewhat agree,Somewhat agree,Somewhat agree,Strongly agree,Strongly agree,Strongly agree,Strongly agree,Strongly agree,Somewhat agree,Strongly agree,,,,Add a title to the post to summarize the post content,,,"Show the topic (HER process) of each post in ""community"" page",,"Just use ""like"" instead of ""cool"", ""funny"", ""useful""",Add links to profiles of whom left comments,,,,I'm kind of unsure of what the deadline is to post - is it Friday? Saturday? Sunday? No deadline as long as you get the posts in?
2022-09-26 09:29:06,2022-09-26 09:31:24,IP Address,*******,100,137,True,2022-09-26 09:31:24,R_25HPr7i6KiWNmYV,*******,*******,*******,*******,*******,*******,anonymous,EN,ep443,No,,Somewhat agree,Somewhat agree,Neither agree nor disagree,Somewhat agree,Somewhat agree,Neither agree nor disagree,Strongly agree,Somewhat agree,Somewhat agree,Neither agree nor disagree,Comments should NOT be mandatory,,Should use mobile device instead of laptop to post,,,,"Show the topic (HER process) of each post in ""community"" page",,,,,,,
2022-09-26 09:30:41,2022-09-26 09:32:42,IP Address,*******,100,121,True,2022-09-26 09:32:42,R_3R2v8Xn3erCenYm,*******,*******,*******,*******,*******,*******,anonymous,EN,ic277,Yes,Multiple posts for one person. Multiple comments for one comment.,Strongly agree,Strongly agree,Strongly disagree,Strongly agree,Strongly agree,Somewhat agree,Strongly agree,Strongly agree,Strongly agree,Strongly agree,,,,,"Others, please specify","a ""like"" button other than cool","Show the topic (HER process) of each post in ""community"" page",,"Just use ""like"" instead of ""cool"", ""funny"", ""useful""",,,,,No thank you.
2022-09-26 09:31:47,2022-09-26 09:33:18,IP Address,*******,100,90,True,2022-09-26 09:33:18,R_2ygsSxZeAK38ZaH,*******,*******,*******,*******,*******,*******,anonymous,EN,mbh222,Yes,"Photos glitch, comments post twice",Somewhat disagree,Neither agree nor disagree,Neither agree nor disagree,Somewhat agree,Somewhat agree,Neither agree nor disagree,Somewhat agree,Neither agree nor disagree,Somewhat agree,Neither agree nor disagree,,,,Add a title to the post to summarize the post content,,,"Show the topic (HER process) of each post in ""community"" page",,,,Add a filter to only see posts by friends,,,
2022-09-26 09:26:38,2022-09-26 09:35:30,IP Address,*******,100,531,True,2022-09-26 09:35:30,R_27eggHda7fXEdSY,*******,*******,*******,*******,*******,*******,anonymous,EN,hys22,No,,Strongly agree,Strongly agree,Somewhat disagree,Somewhat agree,Strongly agree,Strongly agree,Strongly agree,Strongly agree,Somewhat agree,Somewhat agree,Comments should NOT be mandatory,,,,,,,,"Just use ""like"" instead of ""cool"", ""funny"", ""useful""",,,,,
2022-09-26 09:34:45,2022-09-26 09:37:03,IP Address,*******,100,138,True,2022-09-26 09:37:04,R_pg5LTweaHoEDNzX,*******,*******,*******,*******,*******,*******,anonymous,EN,sh835,Yes,"after i submitted a comment, the text box still retained the comment I typed, and i often press the send button twice, causing the incorrect submission of two comments.",Neither agree nor disagree,Somewhat disagree,Neither agree nor disagree,Somewhat agree,Somewhat agree,Somewhat agree,Somewhat agree,Somewhat agree,Neither agree nor disagree,Somewhat agree,,,,Add a title to the post to summarize the post content,,,"Show the topic (HER process) of each post in ""community"" page",Add a summary list of all posts’ titles in “community” page,,,,,,
2022-09-26 09:37:00,2022-09-26 09:38:56,IP Address,*******,100,115,True,2022-09-26 09:38:57,R_xgT2vuWzbqsFnYB,*******,*******,*******,*******,*******,*******,anonymous,EN,dgh82,No,,Somewhat agree,Somewhat agree,Somewhat agree,Somewhat agree,Somewhat agree,Somewhat agree,Somewhat agree,Strongly agree,Somewhat disagree,Somewhat disagree,Comments should NOT be mandatory,,,,,,"Show the topic (HER process) of each post in ""community"" page",,,,,,,
2022-09-26 09:41:15,2022-09-26 09:42:11,IP Address,*******,100,55,True,2022-09-26 09:42:11,R_1llwFZwpAwrA01Y,*******,*******,*******,*******,*******,*******,anonymous,EN,Idz3,No,,Somewhat agree,Neither agree nor disagree,Neither agree nor disagree,Somewhat agree,Strongly agree,Somewhat agree,Somewhat agree,Somewhat agree,Somewhat agree,Neither agree nor disagree,,,,Add a title to the post to summarize the post content,,,"Show the topic (HER process) of each post in ""community"" page",Add a summary list of all posts’ titles in “community” page,,,,,,
2022-09-26 09:41:52,2022-09-26 09:43:09,IP Address,*******,100,77,True,2022-09-26 09:43:10,R_2UbllB0UTOrHN4U,*******,*******,*******,*******,*******,*******,anonymous,EN,tvf6,Yes,the app keeps showing someone else’s picture attached to my post,Somewhat agree,Somewhat agree,Neither agree nor disagree,Strongly agree,Somewhat agree,Somewhat agree,Strongly agree,Strongly agree,Somewhat agree,Strongly agree,Comments should NOT be mandatory,,,,,,,,"Just use ""like"" instead of ""cool"", ""funny"", ""useful""",,,,,
2022-09-26 10:04:26,2022-09-26 10:05:46,IP Address,*******,100,79,True,2022-09-26 10:05:47,R_PtWgHpHpAWH39qV,*******,*******,*******,*******,*******,*******,anonymous,EN,pl623,No,,Strongly agree,Strongly agree,Strongly disagree,Strongly agree,Strongly agree,Strongly agree,Strongly agree,Strongly agree,Strongly agree,Strongly agree,Comments should NOT be mandatory,,Should use mobile device instead of laptop to post,Add a title to the post to summarize the post content,,,"Show the topic (HER process) of each post in ""community"" page",,,,,,,
2022-09-26 10:25:59,2022-09-26 10:28:21,IP Address,*******,100,142,True,2022-09-26 10:28:22,R_1JQq9pACsw5cLou,*******,*******,*******,*******,*******,*******,anonymous,EN,ese47,No,,Neither agree nor disagree,Neither agree nor disagree,Neither agree nor disagree,Somewhat agree,Somewhat agree,Somewhat agree,Somewhat agree,Somewhat agree,Somewhat agree,Somewhat agree,,,Should use mobile device instead of laptop to post,,,,,,"Just use ""like"" instead of ""cool"", ""funny"", ""useful""",,,,,
2022-09-26 10:29:49,2022-09-26 10:31:24,IP Address,*******,100,94,True,2022-09-26 10:31:24,R_3jch9cDKwapdrLT,*******,*******,*******,*******,*******,*******,anonymous,EN,yt584,No,,Somewhat agree,Somewhat agree,Somewhat disagree,Somewhat agree,Somewhat agree,Somewhat agree,Somewhat agree,Somewhat agree,Somewhat agree,Somewhat agree,,,,Add a title to the post to summarize the post content,,,"Show the topic (HER process) of each post in ""community"" page",Add a summary list of all posts’ titles in “community” page,,,,,,
2022-09-26 10:59:45,2022-09-26 11:00:40,IP Address,*******,100,54,True,2022-09-26 11:00:40,R_1Eg5ehsHMimkDVV,*******,*******,*******,*******,*******,*******,anonymous,EN,msr268,No,,Strongly agree,Strongly agree,Somewhat disagree,Strongly agree,Strongly agree,Strongly agree,Strongly agree,Strongly agree,Strongly agree,Strongly agree,Comments should NOT be mandatory,,,,,,"Show the topic (HER process) of each post in ""community"" page",,,,,,,n/a
2022-09-26 11:09:43,2022-09-26 11:12:54,IP Address,*******,100,190,True,2022-09-26 11:12:54,R_3IWrShvVIBe4lrs,*******,*******,*******,*******,*******,*******,anonymous,EN,dl963,No,,Somewhat agree,Somewhat agree,Somewhat disagree,Strongly agree,Strongly agree,Strongly agree,Strongly agree,Somewhat agree,Somewhat agree,Somewhat agree,,,Should use mobile device instead of laptop to post,,,,,Add a summary list of all posts’ titles in “community” page,,,,,,
2022-09-26 11:35:37,2022-09-26 11:37:31,IP Address,*******,100,113,True,2022-09-26 11:37:31,R_8ldQyN3VbmjVuFP,*******,*******,*******,*******,*******,*******,anonymous,EN,wc465,No,,Somewhat agree,Somewhat agree,Somewhat disagree,Somewhat agree,Somewhat agree,Somewhat agree,Strongly agree,Strongly agree,Somewhat agree,Somewhat agree,,,,Add a title to the post to summarize the post content,,,,,"Just use ""like"" instead of ""cool"", ""funny"", ""useful""",Add links to profiles of whom left comments,,,,"I enjoy participating as it enhances my learning! "
2022-09-26 11:48:00,2022-09-26 11:49:34,IP Address,*******,100,94,True,2022-09-26 11:49:34,R_1DAQj5s6dnossgx,*******,*******,*******,*******,*******,*******,anonymous,EN,cjy27,No,,Strongly agree,Strongly agree,Somewhat disagree,Strongly agree,Strongly agree,Strongly agree,Strongly agree,Strongly agree,Somewhat disagree,Somewhat disagree,,,,Add a title to the post to summarize the post content,,,"Show the topic (HER process) of each post in ""community"" page",,,,,,,
2022-09-26 11:56:05,2022-09-26 11:57:45,IP Address,*******,100,99,True,2022-09-26 11:57:45,R_1OVnCtc7yV8dZSL,*******,*******,*******,*******,*******,*******,anonymous,EN,jms834,No,,Neither agree nor disagree,Somewhat agree,Neither agree nor disagree,Somewhat agree,Somewhat agree,Neither agree nor disagree,Somewhat agree,Neither agree nor disagree,Neither agree nor disagree,Neither agree nor disagree,Comments should NOT be mandatory,"""cool"", ""funny"", ""useful"" reactions should be mandatory",,,,,"Show the topic (HER process) of each post in ""community"" page",,,,,,,
2022-09-26 12:03:06,2022-09-26 12:04:16,IP Address,*******,100,69,True,2022-09-26 12:04:16,R_1JIMaUpprdHHdVs,*******,*******,*******,*******,*******,*******,anonymous,EN,Llw62,No,,Somewhat agree,Somewhat agree,Somewhat disagree,Strongly agree,Somewhat agree,Somewhat agree,Somewhat agree,Somewhat agree,Somewhat agree,Somewhat agree,,"""cool"", ""funny"", ""useful"" reactions should be mandatory",,,,,"Show the topic (HER process) of each post in ""community"" page",,,,,,,
2022-09-26 12:02:30,2022-09-26 12:05:58,IP Address,*******,100,208,True,2022-09-26 12:05:59,R_ekOoYdG6Z6BHVWp,*******,*******,*******,*******,*******,*******,anonymous,EN,cml324,No,,Somewhat agree,Somewhat agree,Somewhat disagree,Somewhat agree,Somewhat agree,Strongly agree,Somewhat agree,Strongly agree,Strongly agree,Somewhat agree,Comments should NOT be mandatory,,,,,,"Show the topic (HER process) of each post in ""community"" page",,,,,,,
2022-09-26 12:04:41,2022-09-26 12:06:18,IP Address,*******,100,96,True,2022-09-26 12:06:19,R_3qkcP7Xudutn97A,*******,*******,*******,*******,*******,*******,anonymous,EN,mrl253,Yes,Image not posting (resolved),Strongly agree,Strongly agree,Somewhat disagree,Strongly agree,Somewhat agree,Strongly agree,Strongly agree,Strongly agree,Strongly agree,Strongly agree,Comments should NOT be mandatory,,,,,,,,,,Add a filter to only see posts by friends,"Others, please specify",see posts from discussion section groups,no
2022-09-26 12:04:50,2022-09-26 12:24:45,IP Address,*******,100,1195,True,2022-09-26 12:24:45,R_24MduOiEMK4rWz4,*******,*******,*******,*******,*******,*******,anonymous,EN,ama386,No,,Somewhat agree,Somewhat agree,Somewhat disagree,Strongly agree,Somewhat agree,Strongly agree,Somewhat agree,Somewhat agree,Neither agree nor disagree,Somewhat agree,,,Should use mobile device instead of laptop to post,,,,"Show the topic (HER process) of each post in ""community"" page",Add a summary list of all posts’ titles in “community” page,,,,,,"Sometimes I am nervous to post an idea in fear that it is not totally correct. If there could be a feature where someone tells you if it is incorrect but in a non-critical way that would be cool for my learning. "
2022-09-26 12:23:44,2022-09-26 12:24:51,IP Address,*******,100,66,True,2022-09-26 12:24:51,R_3iKAdgyrYuwCL04,*******,*******,*******,*******,*******,*******,anonymous,EN,kl983,No,,Somewhat agree,Somewhat agree,Somewhat disagree,Strongly agree,Somewhat agree,Somewhat agree,Somewhat agree,Somewhat agree,Somewhat agree,Somewhat agree,Comments should NOT be mandatory,"""cool"", ""funny"", ""useful"" reactions should be mandatory",,,,,"Show the topic (HER process) of each post in ""community"" page",,"Just use ""like"" instead of ""cool"", ""funny"", ""useful""",,Add a filter to only see posts by friends,,,
2022-09-26 13:07:29,2022-09-26 13:10:17,IP Address,*******,100,167,True,2022-09-26 13:10:17,R_8CCIArinLS8y3ex,*******,*******,*******,*******,*******,*******,anonymous,EN,alm384,Yes,"Whenever I type something up for a post and submit it, the website says it failed. I refresh and my response is gone so I have to retype my entire response. ",Somewhat agree,Somewhat agree,Somewhat disagree,Strongly agree,Strongly agree,Strongly agree,Strongly agree,Strongly agree,Somewhat agree,Somewhat agree,,,Should use mobile device instead of laptop to post,,,,"Show the topic (HER process) of each post in ""community"" page",,"Just use ""like"" instead of ""cool"", ""funny"", ""useful""",Add links to profiles of whom left comments,,,,"This was such a cool concept! Good work "
2022-09-26 14:08:36,2022-09-26 14:09:49,IP Address,*******,100,73,True,2022-09-26 14:09:49,R_6nuH9BL251KKRtn,*******,*******,*******,*******,*******,*******,anonymous,EN,mtq6,Yes,,Strongly agree,Strongly agree,Strongly disagree,Strongly agree,Strongly agree,Strongly agree,Strongly agree,Strongly agree,Strongly agree,Strongly agree,,,,Add a title to the post to summarize the post content,,,,,,Add links to profiles of whom left comments,,,,
2022-09-26 14:30:30,2022-09-26 14:33:09,IP Address,*******,100,159,True,2022-09-26 14:33:10,R_20VACum7Fj9YTH2,*******,*******,*******,*******,*******,*******,anonymous,EN,rmb358,No,,Strongly agree,Somewhat agree,Strongly disagree,Strongly agree,Strongly agree,Neither agree nor disagree,Strongly agree,Strongly agree,Strongly agree,Strongly agree,,,,,"Others, please specify","I find using my laptop is better than using my phone to post. ","Show the topic (HER process) of each post in ""community"" page",,"Just use ""like"" instead of ""cool"", ""funny"", ""useful""",,,,,
2022-09-26 16:07:56,2022-09-26 16:11:04,IP Address,*******,100,187,True,2022-09-26 16:11:04,R_1pYhV0AAXcwDLwv,*******,*******,*******,*******,*******,*******,anonymous,EN,crd229,Yes,There was often a duplicate made of my post when I posted.,Somewhat agree,Somewhat agree,Neither agree nor disagree,Strongly agree,Somewhat agree,Strongly agree,Somewhat agree,Strongly agree,Somewhat agree,Somewhat agree,,,Should use mobile device instead of laptop to post,,,,"Show the topic (HER process) of each post in ""community"" page",,"Just use ""like"" instead of ""cool"", ""funny"", ""useful""",,,,,N/A
2022-09-26 19:15:46,2022-09-26 19:54:46,IP Address,*******,100,2339,True,2022-09-26 19:54:47,R_RlgAOtZpuDG7Fuh,*******,*******,*******,*******,*******,*******,anonymous,EN,Mc2595,Yes,Posting a comment and then it would show up many / not able to resetting my password so I had to make a new acc,Somewhat agree,Somewhat agree,Neither agree nor disagree,Strongly agree,Somewhat agree,Somewhat agree,Somewhat agree,Somewhat agree,Somewhat agree,Somewhat agree,Comments should NOT be mandatory,,Should use mobile device instead of laptop to post,,,,,Add a summary list of all posts’ titles in “community” page,,,,,,
2022-09-26 21:23:05,2022-09-26 21:33:09,IP Address,*******,100,604,True,2022-09-26 21:33:10,R_3KxSrxII1mDbT2T,*******,*******,*******,*******,*******,*******,anonymous,EN,ss3298,No,,Somewhat agree,Somewhat agree,Strongly disagree,Somewhat agree,Somewhat agree,Somewhat agree,Somewhat agree,Somewhat agree,Somewhat agree,Somewhat agree,Comments should NOT be mandatory,,Should use mobile device instead of laptop to post,,,,"Show the topic (HER process) of each post in ""community"" page",,"Just use ""like"" instead of ""cool"", ""funny"", ""useful""",,,,,
2022-09-26 21:49:01,2022-09-26 21:50:42,IP Address,*******,100,100,True,2022-09-26 21:50:42,R_2dtlIFPp9z4QFZw,*******,*******,*******,*******,*******,*******,anonymous,EN,jz485,No,,Somewhat agree,Somewhat agree,Somewhat agree,Somewhat agree,Neither agree nor disagree,Neither agree nor disagree,Somewhat agree,Neither agree nor disagree,Neither agree nor disagree,Neither agree nor disagree,,"""cool"", ""funny"", ""useful"" reactions should be mandatory",,,,,"Show the topic (HER process) of each post in ""community"" page",,,,,,,
2022-09-26 21:51:51,2022-09-26 21:52:23,IP Address,*******,100,32,True,2022-09-26 21:52:23,R_3fHLALVa4fuUUh2,*******,*******,*******,*******,*******,*******,anonymous,EN,jz485,No,,Neither agree nor disagree,Neither agree nor disagree,Somewhat agree,Neither agree nor disagree,Neither agree nor disagree,Neither agree nor disagree,Neither agree nor disagree,Neither agree nor disagree,Neither agree nor disagree,Neither agree nor disagree,Comments should NOT be mandatory,,,,,,,,"Just use ""like"" instead of ""cool"", ""funny"", ""useful""",,,,,
2022-09-27 06:26:53,2022-09-27 06:30:34,IP Address,*******,100,220,True,2022-09-27 06:30:34,R_NV0dpA3eEKw3Xqx,*******,*******,*******,*******,*******,*******,anonymous,EN,yl3262,Yes,"Cannot use ""forget password"" feature",Neither agree nor disagree,Somewhat agree,Somewhat agree,Somewhat agree,Somewhat disagree,Somewhat agree,Somewhat agree,Somewhat agree,Somewhat agree,Neither agree nor disagree,Comments should NOT be mandatory,,,,,,,,"Just use ""like"" instead of ""cool"", ""funny"", ""useful""",,,,,
2022-09-27 09:55:04,2022-09-27 09:56:54,IP Address,*******,100,109,True,2022-09-27 09:56:54,R_279AUlkiUy9rSm7,*******,*******,*******,*******,*******,*******,anonymous,EN,jk2384,No,,Somewhat agree,Somewhat agree,Somewhat disagree,Somewhat agree,Somewhat agree,Somewhat agree,Somewhat agree,Somewhat agree,Somewhat disagree,Neither agree nor disagree,,,,,"Others, please specify",NA,"Show the topic (HER process) of each post in ""community"" page",,"Just use ""like"" instead of ""cool"", ""funny"", ""useful""",,,,,
2022-09-27 12:47:39,2022-09-27 12:49:08,IP Address,*******,100,89,True,2022-09-27 12:49:09,R_3gZ6EoVnzyAarbo,*******,*******,*******,*******,*******,*******,anonymous,EN,cql2,No,,Somewhat agree,Neither agree nor disagree,Neither agree nor disagree,Somewhat agree,Somewhat agree,Somewhat agree,Somewhat agree,Somewhat agree,Somewhat disagree,Somewhat disagree,,,,Add a title to the post to summarize the post content,,,"Show the topic (HER process) of each post in ""community"" page",Add a summary list of all posts’ titles in “community” page,,,,,,N/A
2022-09-27 13:11:14,2022-09-27 13:13:19,IP Address,*******,100,125,True,2022-09-27 13:13:20,R_10Z6DfMqfdgk4Tj,*******,*******,*******,*******,*******,*******,anonymous,EN,nae36,No,,Somewhat agree,Somewhat agree,Somewhat disagree,Strongly agree,Somewhat agree,Strongly agree,Somewhat agree,Somewhat agree,Somewhat agree,Somewhat disagree,Comments should NOT be mandatory,,,,,,"Show the topic (HER process) of each post in ""community"" page",Add a summary list of all posts’ titles in “community” page,"Just use ""like"" instead of ""cool"", ""funny"", ""useful""",,,,,
2022-09-27 21:22:42,2022-09-27 21:23:59,IP Address,*******,100,77,True,2022-09-27 21:23:59,R_1f3qdhEzQLvFJRY,*******,*******,*******,*******,*******,*******,anonymous,EN,xw593,No,,Somewhat agree,Somewhat agree,Somewhat disagree,Strongly agree,Somewhat agree,Strongly agree,Somewhat agree,Strongly agree,Strongly agree,Strongly agree,Comments should NOT be mandatory,,,,,,"Show the topic (HER process) of each post in ""community"" page",,,,,,,
2022-09-28 08:38:52,2022-09-28 08:40:55,IP Address,*******,100,123,True,2022-09-28 08:40:56,R_3eaVjyhT9GV9u1J,*******,*******,*******,*******,*******,*******,anonymous,EN,grs226,No,,Strongly agree,Strongly agree,Strongly disagree,Somewhat agree,Somewhat agree,Strongly agree,Strongly agree,Somewhat agree,Neither agree nor disagree,Somewhat agree,,,Should use mobile device instead of laptop to post,,,,"Show the topic (HER process) of each post in ""community"" page",,,,,,,
2022-09-28 09:43:25,2022-09-28 09:51:19,IP Address,*******,100,473,True,2022-09-28 09:51:19,R_eh9tiNSBDiVlLsl,*******,*******,*******,*******,*******,*******,anonymous,EN,vas57,Yes,"When I post a comment, the comment is posted but also remains in the text box for typing (could be accidentally posted twice because of this). ",Neither agree nor disagree,Somewhat agree,Neither agree nor disagree,Somewhat agree,Somewhat agree,Somewhat agree,Strongly agree,Somewhat agree,Strongly agree,Strongly agree,,,,,"Others, please specify","Commenting is really helpful but can be superficial when considered mandatory. That being said, if not mandatory, people will not comment and there will be little interaction between students in the community. Keep comments mandatory and hope for the best.","Show the topic (HER process) of each post in ""community"" page",,,,,"Others, please specify","In showing the topics, it makes filtering easier so you can focus on whichever HER process you need to post for or need help in understanding.",Maybe increase the character limit? I hit the limit when explaining behavioral toxicology and I'm sure I had more to say to support my answer (which was a nontraditional answer therefore needed more support). Not necessary but just a concept.
2022-09-28 20:02:16,2022-09-28 20:03:24,IP Address,*******,100,67,True,2022-09-28 20:03:25,R_u2EZHbvkhw5Z0bL,*******,*******,*******,*******,*******,*******,anonymous,EN,lhl52,No,,Somewhat agree,Somewhat agree,Somewhat disagree,Neither agree nor disagree,Somewhat agree,Somewhat disagree,Somewhat agree,Somewhat agree,Somewhat agree,Somewhat agree,,,,Add a title to the post to summarize the post content,,,"Show the topic (HER process) of each post in ""community"" page",,"Just use ""like"" instead of ""cool"", ""funny"", ""useful""",,,,,
2022-09-29 12:16:48,2022-09-29 12:20:31,IP Address,*******,100,222,True,2022-09-29 12:20:31,R_3kuZfKtaKGWabla,*******,*******,*******,*******,*******,*******,anonymous,EN,smf267,No,,Neither agree nor disagree,Neither agree nor disagree,Somewhat agree,Somewhat agree,Somewhat agree,Neither agree nor disagree,Somewhat agree,Somewhat agree,Somewhat agree,Neither agree nor disagree,,,,Add a title to the post to summarize the post content,,,"Show the topic (HER process) of each post in ""community"" page",,,,,,,"If you want people to use only their phones, make an actual app."
2022-09-29 13:08:37,2022-09-29 13:11:28,IP Address,*******,100,171,True,2022-09-29 13:11:29,R_3qDrxp8XAVJBA6a,*******,*******,*******,*******,*******,*******,anonymous,EN,eam358,No,,Strongly agree,Strongly agree,Strongly disagree,Strongly agree,Strongly agree,Strongly agree,Strongly agree,Strongly agree,Strongly agree,Strongly agree,,,,Add a title to the post to summarize the post content,"Others, please specify",add a title where we can say what process we are posting about,"Show the topic (HER process) of each post in ""community"" page",,"Just use ""like"" instead of ""cool"", ""funny"", ""useful""",,,,,
2022-09-29 14:03:00,2022-09-29 14:04:36,IP Address,*******,100,95,True,2022-09-29 14:04:36,R_3fATBPHJ9t4Q618,*******,*******,*******,*******,*******,*******,anonymous,EN,sd697,No,,Somewhat agree,Somewhat agree,Somewhat disagree,Strongly agree,Somewhat agree,Somewhat disagree,Somewhat agree,Somewhat agree,Somewhat agree,Somewhat agree,Comments should NOT be mandatory,,,Add a title to the post to summarize the post content,,,"Show the topic (HER process) of each post in ""community"" page",,"Just use ""like"" instead of ""cool"", ""funny"", ""useful""",,,,,
2022-09-29 19:19:30,2022-09-29 19:21:32,IP Address,*******,100,122,True,2022-09-29 19:21:33,R_O3wwlXBOiThiXLj,*******,*******,*******,*******,*******,*******,anonymous,EN,kcw48,Yes,"When I try to go see other people’s post sometimes it doesn’t really work but if I refresh a few times it does. ",Somewhat agree,Somewhat agree,Somewhat agree,Somewhat agree,Strongly agree,Strongly agree,Strongly agree,Neither agree nor disagree,Somewhat agree,Somewhat agree,Comments should NOT be mandatory,,,,,,"Show the topic (HER process) of each post in ""community"" page",,,,,,,
2022-09-29 20:18:16,2022-09-29 20:22:19,IP Address,*******,100,243,True,2022-09-29 20:22:20,R_24c8UmttmGzetU6,*******,*******,*******,*******,*******,*******,anonymous,EN,iym4,No,,Somewhat agree,Somewhat agree,Somewhat disagree,Strongly agree,Strongly agree,Somewhat agree,Somewhat agree,Strongly agree,Somewhat agree,Somewhat agree,,,,,"Others, please specify",I think it's good as is,"Show the topic (HER process) of each post in ""community"" page",,,,,,,
2022-09-29 21:43:58,2022-09-29 21:45:37,IP Address,*******,100,98,True,2022-09-29 21:45:37,R_3J1SCNKAwwnajj0,*******,*******,*******,*******,*******,*******,anonymous,EN,crd229,No,,Somewhat agree,Somewhat agree,Neither agree nor disagree,Somewhat agree,Somewhat agree,Strongly agree,Strongly agree,Strongly agree,Somewhat disagree,Neither agree nor disagree,,,Should use mobile device instead of laptop to post,,,,"Show the topic (HER process) of each post in ""community"" page",,"Just use ""like"" instead of ""cool"", ""funny"", ""useful""",,,,,N/A
2022-09-30 06:51:31,2022-09-30 07:00:50,IP Address,*******,100,559,True,2022-09-30 07:00:50,R_AFeSPTbt6WLsF4l,*******,*******,*******,*******,*******,*******,anonymous,EN,ih234,No,,Somewhat agree,Somewhat agree,Somewhat agree,Somewhat agree,Somewhat agree,Neither agree nor disagree,Somewhat agree,Somewhat agree,Somewhat disagree,Somewhat disagree,,,Should use mobile device instead of laptop to post,,,,"Show the topic (HER process) of each post in ""community"" page",Add a summary list of all posts’ titles in “community” page,,,,,,
2022-09-30 07:40:12,2022-09-30 07:43:28,IP Address,*******,100,196,True,2022-09-30 07:43:28,R_2OVeOZikhl8RVBf,*******,*******,*******,*******,*******,*******,anonymous,EN,rnp36,No,,Strongly agree,Strongly agree,Strongly disagree,Strongly agree,Strongly agree,Strongly agree,Strongly agree,Strongly agree,Strongly agree,Strongly agree,Comments should NOT be mandatory,,,,,,,,"Just use ""like"" instead of ""cool"", ""funny"", ""useful""",,,,,
2022-09-30 08:17:54,2022-09-30 08:19:39,IP Address,*******,100,105,True,2022-09-30 08:19:40,R_2ANNa27KjCZh8gW,*******,*******,*******,*******,*******,*******,anonymous,EN,Ac2332,No,,Somewhat agree,Somewhat agree,Neither agree nor disagree,Somewhat agree,Somewhat agree,Somewhat agree,Somewhat agree,Somewhat agree,Somewhat agree,Somewhat agree,Comments should NOT be mandatory,,,,,,"Show the topic (HER process) of each post in ""community"" page",,,,,,,Some peoples posts are not really proper/ serious. I think they should take this project more seriously.
2022-09-30 08:38:03,2022-09-30 08:38:58,IP Address,*******,100,54,True,2022-09-30 08:38:58,R_2aLFQSlE92mCAvT,*******,*******,*******,*******,*******,*******,anonymous,EN,lc925,No,,Somewhat agree,Somewhat agree,Somewhat disagree,Strongly agree,Strongly agree,Strongly agree,Somewhat agree,Somewhat agree,Somewhat agree,Somewhat agree,Comments should NOT be mandatory,,,,,,,,,Add links to profiles of whom left comments,Add a filter to only see posts by friends,,,
2022-09-30 08:37:45,2022-09-30 08:39:49,IP Address,*******,100,124,True,2022-09-30 08:39:49,R_31vkrNPct6UqeQT,*******,*******,*******,*******,*******,*******,anonymous,EN,jdm457,No,,Somewhat agree,Somewhat agree,Neither agree nor disagree,Strongly agree,Strongly agree,Somewhat agree,Strongly agree,Strongly agree,Strongly agree,Strongly agree,,"""cool"", ""funny"", ""useful"" reactions should be mandatory",,,,,"Show the topic (HER process) of each post in ""community"" page",,,,,,,
2022-09-30 08:38:32,2022-09-30 08:40:13,IP Address,*******,100,101,True,2022-09-30 08:40:14,R_3j9vPdXdjGiZ48F,*******,*******,*******,*******,*******,*******,anonymous,EN,ajm454,No,,Somewhat agree,Somewhat agree,Somewhat disagree,Strongly agree,Somewhat agree,Strongly agree,Strongly agree,Somewhat agree,Somewhat agree,Somewhat agree,,,,Add a title to the post to summarize the post content,,,"Show the topic (HER process) of each post in ""community"" page",,"Just use ""like"" instead of ""cool"", ""funny"", ""useful""",,Add a filter to only see posts by friends,,,
2022-09-30 09:21:25,2022-09-30 09:22:20,IP Address,*******,100,55,True,2022-09-30 09:22:21,R_22xAzBaFwE27orM,*******,*******,*******,*******,*******,*******,anonymous,EN,kv245,No,,Somewhat agree,Neither agree nor disagree,Strongly disagree,Somewhat agree,Somewhat agree,Somewhat agree,Strongly agree,Strongly agree,Somewhat disagree,Neither agree nor disagree,,,,Add a title to the post to summarize the post content,,,"Show the topic (HER process) of each post in ""community"" page",Add a summary list of all posts’ titles in “community” page,,Add links to profiles of whom left comments,,,,
2022-09-30 09:49:28,2022-09-30 09:51:18,IP Address,*******,100,110,True,2022-09-30 09:51:18,R_3NRq0DBTvmoVMFn,*******,*******,*******,*******,*******,*******,anonymous,EN,jty26,No,,Somewhat agree,Somewhat agree,Somewhat disagree,Somewhat agree,Somewhat agree,Somewhat agree,Somewhat agree,Somewhat agree,Somewhat agree,Somewhat agree,Comments should NOT be mandatory,,,Add a title to the post to summarize the post content,,,"Show the topic (HER process) of each post in ""community"" page",,,Add links to profiles of whom left comments,Add a filter to only see posts by friends,,,no
2022-09-30 10:05:19,2022-09-30 10:06:54,IP Address,*******,100,94,True,2022-09-30 10:06:54,R_Oe3OozbkyYMyi5j,*******,*******,*******,*******,*******,*******,anonymous,EN,ey264,No,,Somewhat agree,Somewhat agree,Neither agree nor disagree,Somewhat agree,Somewhat agree,Neither agree nor disagree,Strongly agree,Strongly agree,Somewhat agree,Neither agree nor disagree,Comments should NOT be mandatory,"""cool"", ""funny"", ""useful"" reactions should be mandatory",,,,,"Show the topic (HER process) of each post in ""community"" page",,,,,,,
2022-09-30 11:03:59,2022-09-30 11:05:11,IP Address,*******,100,71,True,2022-09-30 11:05:12,R_1C7JSlAeMojB1lC,*******,*******,*******,*******,*******,*******,anonymous,EN,ac2326,No,,Somewhat agree,Somewhat agree,Strongly disagree,Strongly agree,Strongly agree,Strongly agree,Strongly agree,Strongly agree,Strongly agree,Strongly agree,,,Should use mobile device instead of laptop to post,,,,"Show the topic (HER process) of each post in ""community"" page",,,Add links to profiles of whom left comments,,,,
2022-09-30 12:31:19,2022-09-30 12:31:43,IP Address,*******,100,23,True,2022-09-30 12:31:43,R_3qPSFWA1GfUvCa7,*******,*******,*******,*******,*******,*******,anonymous,EN,xz283,No,,Somewhat agree,Somewhat agree,Somewhat agree,Somewhat agree,Somewhat agree,Somewhat agree,Somewhat agree,Somewhat agree,Strongly agree,Neither agree nor disagree,,"""cool"", ""funny"", ""useful"" reactions should be mandatory",,,,,,Add a summary list of all posts’ titles in “community” page,,,,,,
2022-09-30 12:31:22,2022-09-30 12:32:21,IP Address,*******,100,59,True,2022-09-30 12:32:22,R_1gqdlDKUo8tGL5g,*******,*******,*******,*******,*******,*******,anonymous,EN,jhz23,No,,Somewhat agree,Somewhat agree,Neither agree nor disagree,Strongly agree,Somewhat agree,Somewhat agree,Strongly agree,Strongly agree,Somewhat agree,Somewhat agree,Comments should NOT be mandatory,,Should use mobile device instead of laptop to post,,,,,,"Just use ""like"" instead of ""cool"", ""funny"", ""useful""",,,,,
2022-09-30 12:31:44,2022-09-30 12:32:43,IP Address,*******,100,58,True,2022-09-30 12:32:43,R_dckt7z9fHg03AnT,*******,*******,*******,*******,*******,*******,anonymous,EN,Eh546,Yes,Doesn’t load,Somewhat disagree,Somewhat disagree,Somewhat disagree,Strongly agree,Somewhat agree,Somewhat agree,Strongly agree,Somewhat agree,Somewhat agree,Somewhat agree,,,Should use mobile device instead of laptop to post,,,,,,"Just use ""like"" instead of ""cool"", ""funny"", ""useful""",,,,,
2022-09-30 12:31:54,2022-09-30 12:33:08,IP Address,*******,100,74,True,2022-09-30 12:33:08,R_Yc3tDIdClkvvgiJ,*******,*******,*******,*******,*******,*******,anonymous,EN,Cml324,No,,Somewhat agree,Somewhat agree,Strongly disagree,Strongly agree,Somewhat agree,Somewhat agree,Strongly agree,Strongly agree,Strongly agree,Strongly agree,Comments should NOT be mandatory,,,,,,"Show the topic (HER process) of each post in ""community"" page",,,Add links to profiles of whom left comments,,,,
2022-09-30 12:32:13,2022-09-30 12:33:10,IP Address,*******,100,57,True,2022-09-30 12:33:10,R_3R1mYEg8MRb6Qzd,*******,*******,*******,*******,*******,*******,anonymous,EN,Llw62,No,,Somewhat agree,Somewhat agree,Neither agree nor disagree,Strongly agree,Strongly agree,Strongly agree,Neither agree nor disagree,Somewhat agree,Somewhat disagree,Somewhat disagree,,,Should use mobile device instead of laptop to post,,,,,Add a summary list of all posts’ titles in “community” page,,,,,,
2022-09-30 12:31:47,2022-09-30 12:33:14,IP Address,*******,100,86,True,2022-09-30 12:33:15,R_Qbjaen8b9sm2mrf,*******,*******,*******,*******,*******,*******,anonymous,EN,"Tma62 ",No,,Somewhat agree,Somewhat agree,Strongly disagree,Strongly agree,Strongly agree,Somewhat agree,Strongly agree,Strongly agree,Strongly agree,Strongly agree,,,Should use mobile device instead of laptop to post,,,,"Show the topic (HER process) of each post in ""community"" page",,"Just use ""like"" instead of ""cool"", ""funny"", ""useful""",,,,,
2022-09-30 12:31:14,2022-09-30 12:33:17,IP Address,*******,100,122,True,2022-09-30 12:33:17,R_2SJrKEoBpQwzMjN,*******,*******,*******,*******,*******,*******,anonymous,EN,yis5,No,,Neither agree nor disagree,Neither agree nor disagree,Neither agree nor disagree,Somewhat agree,Somewhat agree,Somewhat agree,Somewhat agree,Somewhat agree,Somewhat agree,Somewhat agree,,,,Add a title to the post to summarize the post content,,,"Show the topic (HER process) of each post in ""community"" page",Add a summary list of all posts’ titles in “community” page,,Add links to profiles of whom left comments,,,,
2022-09-30 12:32:17,2022-09-30 12:34:18,IP Address,*******,100,121,True,2022-09-30 12:34:18,R_1hyy2YFvYJg6Bas,*******,*******,*******,*******,*******,*******,anonymous,EN,Hec59,Yes,Can’t get on the app/ don’t know how to find it,Strongly disagree,Strongly disagree,Neither agree nor disagree,Neither agree nor disagree,Strongly disagree,Strongly disagree,Somewhat agree,Somewhat agree,Somewhat agree,Somewhat agree,Comments should NOT be mandatory,,Should use mobile device instead of laptop to post,,,,"Show the topic (HER process) of each post in ""community"" page",,,,,,,
2022-09-30 12:32:59,2022-09-30 12:34:30,IP Address,*******,100,91,True,2022-09-30 12:34:30,R_2c7LZZCJH5oV1y2,*******,*******,*******,*******,*******,*******,anonymous,EN,ajk293,Yes,,Somewhat agree,Somewhat agree,Somewhat disagree,Somewhat agree,Somewhat agree,Somewhat agree,Somewhat disagree,Somewhat agree,Strongly disagree,Somewhat disagree,Comments should NOT be mandatory,,Should use mobile device instead of laptop to post,,,,,,"Just use ""like"" instead of ""cool"", ""funny"", ""useful""",,,,,
2022-09-30 12:31:56,2022-09-30 12:35:11,IP Address,*******,100,194,True,2022-09-30 12:35:11,R_31XwC08XI4RswRe,*******,*******,*******,*******,*******,*******,anonymous,EN,arb338,No,,Strongly agree,Somewhat agree,Strongly disagree,Strongly agree,Somewhat agree,Somewhat agree,Strongly agree,Strongly agree,Somewhat agree,Strongly agree,,"""cool"", ""funny"", ""useful"" reactions should be mandatory",Should use mobile device instead of laptop to post,,,,"Show the topic (HER process) of each post in ""community"" page",,,,,,,
2022-09-30 12:35:50,2022-09-30 12:36:52,IP Address,*******,100,62,True,2022-09-30 12:36:53,R_1K1I1MLrBrEw39S,*******,*******,*******,*******,*******,*******,anonymous,EN,lyl26,No,,Somewhat agree,Somewhat agree,Somewhat disagree,Somewhat agree,Somewhat agree,Somewhat agree,Somewhat agree,Strongly agree,Somewhat agree,Somewhat agree,,,,Add a title to the post to summarize the post content,,,"Show the topic (HER process) of each post in ""community"" page",,,,,,,
2022-09-30 12:38:46,2022-09-30 12:39:53,IP Address,*******,100,67,True,2022-09-30 12:39:54,R_vcBw9XxrDmNQj17,*******,*******,*******,*******,*******,*******,anonymous,EN,ceb338,No,,Neither agree nor disagree,Neither agree nor disagree,Neither agree nor disagree,Somewhat agree,Somewhat agree,Neither agree nor disagree,Somewhat agree,Somewhat agree,Somewhat agree,Somewhat agree,,,Should use mobile device instead of laptop to post,,,,"Show the topic (HER process) of each post in ""community"" page",,"Just use ""like"" instead of ""cool"", ""funny"", ""useful""",,,,,
2022-09-30 12:43:59,2022-09-30 12:46:27,IP Address,*******,100,147,True,2022-09-30 12:46:27,R_vYOoNCbCPOIPMFH,*******,*******,*******,*******,*******,*******,anonymous,EN,Rgh227,Yes,Went to submit post and deleted it and logged me out and had to repost,Somewhat agree,Somewhat agree,Neither agree nor disagree,Somewhat agree,Somewhat agree,Somewhat agree,Somewhat agree,Neither agree nor disagree,Strongly disagree,Somewhat disagree,Comments should NOT be mandatory,,,,,,"Show the topic (HER process) of each post in ""community"" page",,,,,,,
2022-09-30 12:45:57,2022-09-30 12:47:38,IP Address,*******,100,101,True,2022-09-30 12:47:38,R_3KOPoulndKxsYc6,*******,*******,*******,*******,*******,*******,anonymous,EN,sn528,No,,Somewhat agree,Somewhat agree,Somewhat disagree,Somewhat agree,Somewhat agree,Neither agree nor disagree,Somewhat agree,Strongly agree,Somewhat agree,Somewhat agree,,"""cool"", ""funny"", ""useful"" reactions should be mandatory",Should use mobile device instead of laptop to post,,,,"Show the topic (HER process) of each post in ""community"" page",,,Add links to profiles of whom left comments,,,,
2022-09-30 12:52:04,2022-09-30 12:53:28,IP Address,*******,100,84,True,2022-09-30 12:53:29,R_dipVLqCNVNQhe81,*******,*******,*******,*******,*******,*******,anonymous,EN,jk2384,No,,Somewhat agree,Somewhat agree,Somewhat disagree,Somewhat agree,Somewhat agree,Somewhat agree,Neither agree nor disagree,Somewhat agree,Neither agree nor disagree,Somewhat agree,,,,Add a title to the post to summarize the post content,,,"Show the topic (HER process) of each post in ""community"" page",Add a summary list of all posts’ titles in “community” page,,,,,,N/A
2022-09-30 13:15:42,2022-09-30 13:19:35,IP Address,*******,100,233,True,2022-09-30 13:19:36,R_pltEZ24Aj9JlYMF,*******,*******,*******,*******,*******,*******,anonymous,EN,jg2252,No,,Strongly agree,Strongly agree,Strongly agree,Strongly agree,Strongly agree,Strongly agree,Strongly agree,Strongly agree,Strongly agree,Strongly agree,Comments should NOT be mandatory,,Should use mobile device instead of laptop to post,,,,"Show the topic (HER process) of each post in ""community"" page",,,,,,,
2022-09-30 13:58:45,2022-09-30 13:59:28,IP Address,*******,100,43,True,2022-09-30 13:59:29,R_2zJjeaLzmWpCLpQ,*******,*******,*******,*******,*******,*******,anonymous,EN,da387,No,,Somewhat agree,Somewhat agree,Somewhat disagree,Strongly agree,Strongly agree,Strongly agree,Somewhat agree,Strongly agree,Strongly agree,Strongly agree,,,Should use mobile device instead of laptop to post,,,,"Show the topic (HER process) of each post in ""community"" page",,,,,,,
2022-09-30 14:14:48,2022-09-30 14:15:52,IP Address,*******,100,64,True,2022-09-30 14:15:52,R_3HXk7Zzg8tykq93,*******,*******,*******,*******,*******,*******,anonymous,EN,dmk289,No,,Somewhat agree,Somewhat agree,Somewhat disagree,Strongly agree,Somewhat agree,Strongly agree,Strongly agree,Strongly agree,Strongly agree,Strongly agree,Comments should NOT be mandatory,,,,,,"Show the topic (HER process) of each post in ""community"" page",,"Just use ""like"" instead of ""cool"", ""funny"", ""useful""",,,,,
2022-09-30 14:29:47,2022-09-30 14:31:36,IP Address,*******,100,109,True,2022-09-30 14:31:37,R_273eiosanI7T56a,*******,*******,*******,*******,*******,*******,anonymous,EN,sjw258,No,,Strongly disagree,Somewhat disagree,Somewhat disagree,Strongly agree,Somewhat agree,Somewhat agree,Somewhat agree,Somewhat agree,Somewhat agree,Somewhat agree,Comments should NOT be mandatory,,,Add a title to the post to summarize the post content,,,"Show the topic (HER process) of each post in ""community"" page",,,Add links to profiles of whom left comments,,,,Nope!
2022-09-30 15:57:14,2022-09-30 15:58:47,IP Address,*******,100,92,True,2022-09-30 15:58:47,R_3rTWNWh9C7Uixyc,*******,*******,*******,*******,*******,*******,anonymous,EN,plz8,No,,Somewhat agree,Somewhat agree,Neither agree nor disagree,Strongly agree,Somewhat agree,Somewhat agree,Somewhat agree,Strongly agree,Somewhat disagree,Somewhat disagree,Comments should NOT be mandatory,,,Add a title to the post to summarize the post content,,,,,"Just use ""like"" instead of ""cool"", ""funny"", ""useful""",Add links to profiles of whom left comments,,,,"I think it's a good way to interact with the community. I wish there were more people participating, and maybe you could expand this project to other classes with similar topics."
2022-09-30 16:00:09,2022-09-30 16:00:42,IP Address,*******,100,32,True,2022-09-30 16:00:42,R_1N9U7Rs7Ny63frt,*******,*******,*******,*******,*******,*******,anonymous,EN,msr268,No,,Strongly agree,Strongly agree,Strongly disagree,Strongly agree,Strongly agree,Strongly agree,Strongly agree,Strongly agree,Strongly agree,Strongly agree,Comments should NOT be mandatory,,,,,,"Show the topic (HER process) of each post in ""community"" page",,,,,,,N/A
2022-09-30 16:12:14,2022-09-30 16:13:53,IP Address,*******,100,99,True,2022-09-30 16:13:53,R_2QKUxF46lhvxmVi,*******,*******,*******,*******,*******,*******,anonymous,EN,lc739,No,,Somewhat agree,Somewhat agree,Strongly disagree,Strongly agree,Strongly agree,Strongly agree,Strongly agree,Strongly agree,Somewhat agree,Somewhat disagree,Comments should NOT be mandatory,,,Add a title to the post to summarize the post content,,,"Show the topic (HER process) of each post in ""community"" page",Add a summary list of all posts’ titles in “community” page,"Just use ""like"" instead of ""cool"", ""funny"", ""useful""",,,,,
2022-09-30 16:35:42,2022-09-30 16:40:25,IP Address,*******,100,282,True,2022-09-30 16:40:26,R_72JL1G6sQkFSeNb,*******,*******,*******,*******,*******,*******,anonymous,EN,"rmg294 ",Yes,"not logging in, and then once a pop up message about possible scam page showed up",Somewhat agree,Strongly agree,Strongly disagree,Strongly agree,Strongly agree,Strongly agree,Strongly agree,Strongly agree,Somewhat agree,Somewhat agree,Comments should NOT be mandatory,,Should use mobile device instead of laptop to post,,"Others, please specify","Make website more compatible for different browsers ","Show the topic (HER process) of each post in ""community"" page",,,,,,,
2022-09-30 17:02:05,2022-09-30 17:05:12,IP Address,*******,100,186,True,2022-09-30 17:05:12,R_3DcKW4INyIT6CxI,*******,*******,*******,*******,*******,*******,anonymous,EN,ajk275,Yes,Some times difficult to get to different parts of the website and have them load successfully,Somewhat agree,Neither agree nor disagree,Neither agree nor disagree,Somewhat agree,Somewhat agree,Somewhat agree,Somewhat agree,Somewhat agree,Somewhat agree,Somewhat agree,,"""cool"", ""funny"", ""useful"" reactions should be mandatory",Should use mobile device instead of laptop to post,,,,"Show the topic (HER process) of each post in ""community"" page",,,,Add a filter to only see posts by friends,,,
2022-09-30 17:13:06,2022-09-30 17:14:04,IP Address,*******,100,57,True,2022-09-30 17:14:04,R_3M69BGiJ6saj1GR,*******,*******,*******,*******,*******,*******,anonymous,EN,dgh83,No,,Strongly agree,Strongly agree,Strongly disagree,Strongly agree,Strongly agree,Strongly agree,Strongly agree,Strongly agree,Strongly agree,Strongly agree,Comments should NOT be mandatory,,,,,,"Show the topic (HER process) of each post in ""community"" page",,,,,,,
2022-09-30 17:19:46,2022-09-30 17:24:45,IP Address,*******,100,299,True,2022-09-30 17:24:46,R_1CscNh1DBPPsC5k,*******,*******,*******,*******,*******,*******,anonymous,EN,dgh82,No,,Neither agree nor disagree,Neither agree nor disagree,Neither agree nor disagree,Neither agree nor disagree,Neither agree nor disagree,Neither agree nor disagree,Neither agree nor disagree,Somewhat agree,Neither agree nor disagree,Neither agree nor disagree,,,,Add a title to the post to summarize the post content,,,,,,,Add a filter to only see posts by friends,,,
2022-09-30 17:57:55,2022-09-30 17:58:42,IP Address,*******,100,46,True,2022-09-30 17:58:42,R_1llAIwMvKZlvvua,*******,*******,*******,*******,*******,*******,anonymous,EN,ll696,No,,Somewhat agree,Somewhat agree,Neither agree nor disagree,Somewhat agree,Somewhat agree,Somewhat agree,Neither agree nor disagree,Somewhat agree,Somewhat agree,Somewhat agree,Comments should NOT be mandatory,,,,,,,,"Just use ""like"" instead of ""cool"", ""funny"", ""useful""",,,,,
2022-09-30 18:15:23,2022-09-30 18:22:38,IP Address,*******,100,434,True,2022-09-30 18:22:39,R_3lrjukyq7wzYVip,*******,*******,*******,*******,*******,*******,anonymous,EN,jor22,Yes,"I received a prompt to sign up for an account even though I was already signed in and already ",Somewhat disagree,Somewhat agree,Neither agree nor disagree,Somewhat agree,Somewhat agree,Somewhat agree,Somewhat disagree,Somewhat agree,Somewhat agree,Somewhat agree,Comments should NOT be mandatory,,Should use mobile device instead of laptop to post,,,,"Show the topic (HER process) of each post in ""community"" page",,,,,,,
2022-09-30 18:21:16,2022-09-30 18:27:45,IP Address,*******,100,388,True,2022-09-30 18:27:45,R_1Nmj9S177ZfqS2z,*******,*******,*******,*******,*******,*******,anonymous,EN,Jcy54,No,,Somewhat agree,Somewhat agree,Strongly disagree,Strongly agree,Strongly agree,Somewhat agree,Strongly agree,Strongly agree,Somewhat agree,Somewhat agree,Comments should NOT be mandatory,,Should use mobile device instead of laptop to post,Add a title to the post to summarize the post content,,,"Show the topic (HER process) of each post in ""community"" page",Add a summary list of all posts’ titles in “community” page,,,,,,
2022-09-30 19:15:46,2022-09-30 19:17:42,IP Address,*******,100,116,True,2022-09-30 19:17:42,R_2dGYtOl9tVf99Kj,*******,*******,*******,*******,*******,*******,anonymous,EN,rn262,Yes,wrong photos from what I posted,Somewhat disagree,Somewhat disagree,Somewhat agree,Somewhat agree,Somewhat disagree,Somewhat disagree,Somewhat agree,Somewhat agree,Somewhat agree,Somewhat agree,,,,Add a title to the post to summarize the post content,,,,Add a summary list of all posts’ titles in “community” page,,,,,,
2022-09-30 20:09:16,2022-09-30 20:15:57,IP Address,*******,100,400,True,2022-09-30 20:15:57,R_2RQdIrMEW5yhN0R,*******,*******,*******,*******,*******,*******,anonymous,EN,jc2539,No,,Strongly agree,Strongly agree,Strongly disagree,Strongly agree,Strongly agree,Strongly agree,Strongly agree,Strongly agree,Somewhat agree,Somewhat agree,Comments should NOT be mandatory,,,,,,"Show the topic (HER process) of each post in ""community"" page",,,,,,,
2022-09-30 20:28:22,2022-09-30 20:29:59,IP Address,*******,100,96,True,2022-09-30 20:29:59,R_AEsGr36PCUXSFIR,*******,*******,*******,*******,*******,*******,anonymous,EN,fs369,Yes,None,Somewhat disagree,Somewhat disagree,Somewhat disagree,Somewhat agree,Somewhat agree,Neither agree nor disagree,Neither agree nor disagree,Somewhat agree,Somewhat disagree,Neither agree nor disagree,,,Should use mobile device instead of laptop to post,,,,,,,Add links to profiles of whom left comments,,,,
2022-09-30 20:28:44,2022-09-30 20:32:13,IP Address,*******,100,208,True,2022-09-30 20:32:13,R_3gUAbgG1JaiNon4,*******,*******,*******,*******,*******,*******,anonymous,EN,cho35,No,,Somewhat agree,Somewhat agree,Somewhat disagree,Somewhat agree,Somewhat agree,Somewhat agree,Strongly agree,Strongly agree,Strongly agree,Strongly agree,Comments should NOT be mandatory,"""cool"", ""funny"", ""useful"" reactions should be mandatory",Should use mobile device instead of laptop to post,Add a title to the post to summarize the post content,,,,,"Just use ""like"" instead of ""cool"", ""funny"", ""useful""",,Add a filter to only see posts by friends,,,
2022-09-30 20:54:10,2022-09-30 20:59:08,IP Address,*******,100,297,True,2022-09-30 20:59:08,R_3MbQVgdsBvaJGY4,*******,*******,*******,*******,*******,*******,anonymous,EN,ic277,Yes,Posts and comments getting duplicated,Strongly agree,Strongly agree,Strongly disagree,Strongly agree,Strongly agree,Strongly agree,Strongly agree,Strongly agree,Strongly agree,Strongly agree,,,,,"Others, please specify",like button,"Show the topic (HER process) of each post in ""community"" page",,,,,,,
2022-09-30 21:35:51,2022-09-30 21:52:59,IP Address,*******,100,1028,True,2022-09-30 21:53:00,R_1JDgXhp5SQb6BAS,*******,*******,*******,*******,*******,*******,anonymous,EN,dmf233,No,,Somewhat agree,Somewhat agree,Somewhat disagree,Somewhat agree,Strongly agree,Somewhat agree,Somewhat agree,Strongly agree,Somewhat agree,Neither agree nor disagree,,,Should use mobile device instead of laptop to post,,,,,,"Just use ""like"" instead of ""cool"", ""funny"", ""useful""",,,,,
2022-09-30 22:09:09,2022-09-30 22:10:59,IP Address,*******,100,109,True,2022-09-30 22:10:59,R_0cUKDjVQiFgVmr7,*******,*******,*******,*******,*******,*******,anonymous,EN,jcl356,No,,Strongly agree,Somewhat agree,Somewhat disagree,Somewhat agree,Strongly agree,Somewhat agree,Somewhat agree,Somewhat agree,Somewhat agree,Somewhat agree,,"""cool"", ""funny"", ""useful"" reactions should be mandatory",,Add a title to the post to summarize the post content,,,"Show the topic (HER process) of each post in ""community"" page",Add a summary list of all posts’ titles in “community” page,,,,,,
2022-09-30 22:49:12,2022-09-30 22:51:55,IP Address,*******,100,162,True,2022-09-30 22:51:55,R_3M0EsdbD2U9lRKl,*******,*******,*******,*******,*******,*******,anonymous,EN,dpg82,No,,Somewhat agree,Somewhat agree,Somewhat disagree,Somewhat agree,Strongly agree,Somewhat agree,Neither agree nor disagree,Neither agree nor disagree,Somewhat agree,Somewhat agree,,,Should use mobile device instead of laptop to post,,,,"Show the topic (HER process) of each post in ""community"" page",,"Just use ""like"" instead of ""cool"", ""funny"", ""useful""",,,,,
2022-09-30 23:07:38,2022-09-30 23:10:36,IP Address,*******,100,178,True,2022-09-30 23:10:36,R_1mRe0OD79gNSE9f,*******,*******,*******,*******,*******,*******,anonymous,EN,Als475,No,,Somewhat agree,Somewhat agree,Somewhat disagree,Somewhat agree,Somewhat agree,Somewhat agree,Somewhat agree,Somewhat disagree,Somewhat disagree,Somewhat disagree,,,,,"Others, please specify",If there was an actual app that didn’t log you out that would be helpful.,"Show the topic (HER process) of each post in ""community"" page",,,Add links to profiles of whom left comments,Add a filter to only see posts by friends,,,
2022-10-01 00:19:52,2022-10-01 00:20:51,IP Address,*******,100,59,True,2022-10-01 00:20:52,R_3P7F3ZPe7zy4TDC,*******,*******,*******,*******,*******,*******,anonymous,EN,mm2577,Yes,"It was not letting me upload ",Strongly agree,Strongly agree,Strongly agree,Strongly agree,Somewhat agree,Somewhat agree,Somewhat agree,Somewhat agree,Somewhat agree,Somewhat agree,Comments should NOT be mandatory,,,,,,"Show the topic (HER process) of each post in ""community"" page",,,,,,,
2022-10-01 00:58:22,2022-10-01 00:59:34,IP Address,*******,100,71,True,2022-10-01 00:59:34,R_1F8kQBX8o6N8Lpr,*******,*******,*******,*******,*******,*******,anonymous,EN,ajk276,No,,Neither agree nor disagree,Somewhat agree,Somewhat disagree,Strongly agree,Somewhat agree,Strongly agree,Somewhat agree,Strongly agree,Strongly agree,Neither agree nor disagree,,,,Add a title to the post to summarize the post content,,,"Show the topic (HER process) of each post in ""community"" page",,,,,,,
2022-10-01 08:27:12,2022-10-01 08:29:56,IP Address,*******,100,164,True,2022-10-01 08:29:56,R_2dSbjel0aPGFGZw,*******,*******,*******,*******,*******,*******,anonymous,EN,ecs273,No,,Somewhat agree,Somewhat agree,Somewhat disagree,Somewhat agree,Somewhat agree,Somewhat agree,Strongly agree,Strongly agree,Somewhat agree,Strongly agree,,,,Add a title to the post to summarize the post content,,,"Show the topic (HER process) of each post in ""community"" page",Add a summary list of all posts’ titles in “community” page,,Add links to profiles of whom left comments,,,,
2022-10-01 10:14:49,2022-10-01 10:15:46,IP Address,*******,100,56,True,2022-10-01 10:15:46,R_1jVOvM8vlk2XpmF,*******,*******,*******,*******,*******,*******,anonymous,EN,jrk297,No,,Neither agree nor disagree,Neither agree nor disagree,Somewhat disagree,Somewhat agree,Somewhat agree,Strongly agree,Strongly agree,Strongly agree,Somewhat agree,Somewhat agree,Comments should NOT be mandatory,"""cool"", ""funny"", ""useful"" reactions should be mandatory",,,,,,,"Just use ""like"" instead of ""cool"", ""funny"", ""useful""",,,,,
2022-10-01 11:21:53,2022-10-01 11:23:06,IP Address,*******,100,73,True,2022-10-01 11:23:06,R_31pcqGfm2GoYV5k,*******,*******,*******,*******,*******,*******,anonymous,EN,yh462,No,,Somewhat agree,Somewhat agree,Somewhat disagree,Somewhat agree,Somewhat agree,Strongly agree,Somewhat agree,Somewhat agree,Somewhat agree,Somewhat agree,Comments should NOT be mandatory,,,,,,"Show the topic (HER process) of each post in ""community"" page",,,,,,,
2022-09-30 19:38:59,2022-10-01 11:28:10,IP Address,*******,100,56950,True,2022-10-01 11:28:10,R_21ogKq76GAcTTDz,*******,*******,*******,*******,*******,*******,anonymous,EN,yl3262,Yes,,Somewhat disagree,Neither agree nor disagree,Somewhat agree,Somewhat agree,Neither agree nor disagree,Somewhat agree,Somewhat agree,Somewhat agree,Somewhat agree,Neither agree nor disagree,Comments should NOT be mandatory,,,,,,"Show the topic (HER process) of each post in ""community"" page",,"Just use ""like"" instead of ""cool"", ""funny"", ""useful""",,,,,
2022-10-01 12:09:55,2022-10-01 12:14:20,IP Address,*******,100,264,True,2022-10-01 12:14:20,R_2YX6BeUydHxBZWt,*******,*******,*******,*******,*******,*******,anonymous,EN,Zrr5,Yes,The site was not initially loading- but works better now,Somewhat agree,Strongly agree,Strongly disagree,Somewhat agree,Strongly agree,Strongly agree,Strongly agree,Strongly agree,Strongly agree,Strongly agree,Comments should NOT be mandatory,"""cool"", ""funny"", ""useful"" reactions should be mandatory",Should use mobile device instead of laptop to post,,,,"Show the topic (HER process) of each post in ""community"" page",,"Just use ""like"" instead of ""cool"", ""funny"", ""useful""",,Add a filter to only see posts by friends,,,"Nope!! It has been great so far "
2022-10-01 12:50:16,2022-10-01 12:52:27,IP Address,*******,100,130,True,2022-10-01 12:52:28,R_DTUrvxGsNEGzCBH,*******,*******,*******,*******,*******,*******,anonymous,EN,ako28,Yes,I posted twice sometimes even though I meant to post only once,Strongly agree,Strongly agree,Somewhat disagree,Strongly agree,Strongly agree,Strongly agree,Strongly agree,Somewhat agree,Strongly agree,Strongly agree,,,Should use mobile device instead of laptop to post,Add a title to the post to summarize the post content,,,"Show the topic (HER process) of each post in ""community"" page",,,,Add a filter to only see posts by friends,"Others, please specify",Filter by HER process,
2022-10-01 12:16:41,2022-10-01 13:53:36,IP Address,*******,100,5815,True,2022-10-01 13:53:37,R_2CDIInUWQr8SsyQ,*******,*******,*******,*******,*******,*******,anonymous,EN,yl3498,No,,Somewhat agree,Somewhat agree,Strongly disagree,Strongly agree,Strongly agree,Strongly agree,Somewhat agree,Strongly agree,Somewhat agree,Strongly agree,,"""cool"", ""funny"", ""useful"" reactions should be mandatory",,,,,"Show the topic (HER process) of each post in ""community"" page",Add a summary list of all posts’ titles in “community” page,,,,,,
2022-10-01 14:05:29,2022-10-01 14:07:50,IP Address,*******,100,140,True,2022-10-01 14:07:50,R_29bM8hz1AcAt5kc,*******,*******,*******,*******,*******,*******,anonymous,EN,mrm397,Yes,"After posting a comment and submitted it, the comment was still in the text box.",Somewhat agree,Somewhat agree,Somewhat disagree,Strongly agree,Strongly agree,Somewhat agree,Strongly agree,Strongly agree,Somewhat agree,Somewhat agree,,"""cool"", ""funny"", ""useful"" reactions should be mandatory",,,,,"Show the topic (HER process) of each post in ""community"" page",,,,,,,
2022-10-01 14:34:23,2022-10-01 14:36:09,IP Address,*******,100,105,True,2022-10-01 14:36:09,R_ebT29v2jCS17j0t,*******,*******,*******,*******,*******,*******,anonymous,EN,esc82,Yes,Sometimes I see two of the same post,Somewhat agree,Strongly agree,Somewhat disagree,Strongly agree,Strongly agree,Strongly agree,Strongly agree,Strongly agree,Somewhat agree,Somewhat agree,Comments should NOT be mandatory,,,,,,"Show the topic (HER process) of each post in ""community"" page",,,,,,,N/A
2022-10-01 15:31:41,2022-10-01 15:33:40,IP Address,*******,100,118,True,2022-10-01 15:33:40,R_3maY8taef2Gpe5L,*******,*******,*******,*******,*******,*******,anonymous,EN,nam97,No,,Strongly agree,Strongly agree,Strongly disagree,Strongly agree,Strongly agree,Strongly agree,Strongly agree,Strongly agree,Strongly agree,Strongly agree,,,,Add a title to the post to summarize the post content,,,"Show the topic (HER process) of each post in ""community"" page",,,,,,,
2022-10-01 15:56:21,2022-10-01 15:58:19,IP Address,*******,100,117,True,2022-10-01 15:58:19,R_2zopsfeBFSbtx24,*******,*******,*******,*******,*******,*******,anonymous,EN,rs932,Yes,One of the post is not mine,Somewhat agree,Somewhat agree,Strongly disagree,Somewhat agree,Somewhat agree,Somewhat agree,Somewhat agree,Somewhat agree,Somewhat agree,Somewhat agree,Comments should NOT be mandatory,,,,,,"Show the topic (HER process) of each post in ""community"" page",,,Add links to profiles of whom left comments,,,,
2022-10-01 16:40:16,2022-10-01 16:41:48,IP Address,*******,100,91,True,2022-10-01 16:41:48,R_24odl34dnxdu9JJ,*******,*******,*******,*******,*******,*******,anonymous,EN,mnr34,No,,Somewhat agree,Somewhat agree,Somewhat disagree,Strongly agree,Strongly agree,Somewhat agree,Somewhat agree,Strongly agree,Somewhat agree,Strongly agree,,"""cool"", ""funny"", ""useful"" reactions should be mandatory",,,,,"Show the topic (HER process) of each post in ""community"" page",,"Just use ""like"" instead of ""cool"", ""funny"", ""useful""",Add links to profiles of whom left comments,,,,
2022-10-01 19:46:48,2022-10-01 19:48:51,IP Address,*******,100,123,True,2022-10-01 19:48:52,R_1go72XSPGBxZLPt,*******,*******,*******,*******,*******,*******,anonymous,EN,eay28,No,,Strongly agree,Strongly agree,Somewhat disagree,Strongly agree,Strongly agree,Strongly agree,Somewhat agree,Strongly agree,Strongly agree,Strongly agree,Comments should NOT be mandatory,,,,,,"Show the topic (HER process) of each post in ""community"" page",,"Just use ""like"" instead of ""cool"", ""funny"", ""useful""",,,,,
2022-10-01 21:17:03,2022-10-01 21:18:35,IP Address,*******,100,92,True,2022-10-01 21:18:36,R_bwGgUZXCnfPeqHf,*******,*******,*******,*******,*******,*******,anonymous,EN,nae36,No,,Strongly agree,Somewhat agree,Somewhat disagree,Somewhat agree,Somewhat agree,Somewhat agree,Somewhat agree,Somewhat agree,Neither agree nor disagree,Somewhat disagree,Comments should NOT be mandatory,,,Add a title to the post to summarize the post content,,,"Show the topic (HER process) of each post in ""community"" page",,"Just use ""like"" instead of ""cool"", ""funny"", ""useful""",,,,,
2022-10-01 22:37:19,2022-10-01 22:38:21,IP Address,*******,100,61,True,2022-10-01 22:38:21,R_2CKzK7GXKMRWbjP,*******,*******,*******,*******,*******,*******,anonymous,EN,ay283,No,,Somewhat agree,Strongly agree,Strongly disagree,Strongly agree,Strongly agree,Somewhat agree,Strongly agree,Strongly agree,Strongly agree,Strongly agree,,,,Add a title to the post to summarize the post content,,,"Show the topic (HER process) of each post in ""community"" page",,,,,,,
2022-10-02 07:52:47,2022-10-02 07:53:56,IP Address,*******,100,68,True,2022-10-02 07:53:56,R_3L6UNgAC9Krw0qm,*******,*******,*******,*******,*******,*******,anonymous,EN,mk2628,No,,Neither agree nor disagree,Somewhat disagree,Somewhat agree,Somewhat agree,Somewhat agree,Neither agree nor disagree,Neither agree nor disagree,Somewhat agree,Neither agree nor disagree,Somewhat agree,Comments should NOT be mandatory,,,,,,"Show the topic (HER process) of each post in ""community"" page",Add a summary list of all posts’ titles in “community” page,,,,,,
2022-10-02 08:48:44,2022-10-02 08:50:03,IP Address,*******,100,79,True,2022-10-02 08:50:03,R_1QyI7Se7c5Dax8L,*******,*******,*******,*******,*******,*******,anonymous,EN,rw648,No,,Neither agree nor disagree,Somewhat agree,Somewhat disagree,Somewhat agree,Somewhat agree,Neither agree nor disagree,Somewhat agree,Somewhat agree,Strongly agree,Strongly agree,,,,Add a title to the post to summarize the post content,,,"Show the topic (HER process) of each post in ""community"" page",,,Add links to profiles of whom left comments,,,,
2022-10-02 09:03:22,2022-10-02 09:06:09,IP Address,*******,100,167,True,2022-10-02 09:06:10,R_T5udlr3MkhPvxkd,*******,*******,*******,*******,*******,*******,anonymous,EN,ave23,No,,Somewhat agree,Strongly agree,Somewhat disagree,Strongly agree,Strongly agree,Strongly agree,Somewhat agree,Strongly agree,Strongly agree,Strongly agree,,,Should use mobile device instead of laptop to post,Add a title to the post to summarize the post content,,,"Show the topic (HER process) of each post in ""community"" page",Add a summary list of all posts’ titles in “community” page,"Just use ""like"" instead of ""cool"", ""funny"", ""useful""",,,,,
2022-10-02 11:56:18,2022-10-02 11:58:14,IP Address,*******,100,115,True,2022-10-02 11:58:14,R_3ffMUWfPPk5iiFC,*******,*******,*******,*******,*******,*******,anonymous,EN,jw832,No,,Neither agree nor disagree,Neither agree nor disagree,Neither agree nor disagree,Somewhat agree,Somewhat agree,Somewhat agree,Strongly agree,Somewhat agree,Somewhat agree,Somewhat agree,Comments should NOT be mandatory,,,,,,,,"Just use ""like"" instead of ""cool"", ""funny"", ""useful""",,,,,
2022-10-02 13:22:13,2022-10-02 13:23:51,IP Address,*******,100,98,True,2022-10-02 13:23:51,R_0APpsAL5ye2rTWh,*******,*******,*******,*******,*******,*******,anonymous,EN,cs2338,No,,Somewhat agree,Somewhat agree,Somewhat disagree,Neither agree nor disagree,Neither agree nor disagree,Somewhat agree,Somewhat agree,Somewhat agree,Somewhat agree,Neither agree nor disagree,,,Should use mobile device instead of laptop to post,,,,"Show the topic (HER process) of each post in ""community"" page",,,,,,,
2022-10-02 13:26:24,2022-10-02 13:27:34,IP Address,*******,100,69,True,2022-10-02 13:27:34,R_1j9Qo2d1ZMaxjLN,*******,*******,*******,*******,*******,*******,anonymous,EN,scf76,Yes,Login page,Somewhat agree,Somewhat agree,Neither agree nor disagree,Neither agree nor disagree,Somewhat agree,Somewhat agree,Somewhat agree,Somewhat agree,Neither agree nor disagree,Somewhat agree,Comments should NOT be mandatory,"""cool"", ""funny"", ""useful"" reactions should be mandatory",Should use mobile device instead of laptop to post,Add a title to the post to summarize the post content,,,,Add a summary list of all posts’ titles in “community” page,,,Add a filter to only see posts by friends,,,
2022-10-02 13:47:06,2022-10-02 13:48:43,IP Address,*******,100,96,True,2022-10-02 13:48:43,R_1QA9w4oklt2vERX,*******,*******,*******,*******,*******,*******,anonymous,EN,abs339,No,,Strongly agree,Strongly agree,Strongly agree,Somewhat agree,Somewhat agree,Somewhat agree,Somewhat agree,Somewhat agree,Somewhat agree,Somewhat agree,Comments should NOT be mandatory,"""cool"", ""funny"", ""useful"" reactions should be mandatory",Should use mobile device instead of laptop to post,,,,,,"Just use ""like"" instead of ""cool"", ""funny"", ""useful""",,,,,
2022-10-02 14:21:28,2022-10-02 14:23:15,IP Address,*******,100,107,True,2022-10-02 14:23:16,R_3q1LkpayLTGlbTH,*******,*******,*******,*******,*******,*******,anonymous,EN,mak448,No,,Somewhat agree,Somewhat agree,Neither agree nor disagree,Neither agree nor disagree,Neither agree nor disagree,Somewhat agree,Somewhat agree,Neither agree nor disagree,Somewhat agree,Somewhat agree,Comments should NOT be mandatory,,,,,,,,"Just use ""like"" instead of ""cool"", ""funny"", ""useful""",,,,,
2022-09-25 15:34:18,2022-09-25 15:34:28,IP Address,*******,11,10,False,2022-10-02 15:34:31,R_2vdAUusbDWaeHb4,*******,*******,*******,*******,*******,*******,anonymous,EN,,No,,,,,,,,,,,,,,,,,,,,,,,,,
2022-10-02 16:19:38,2022-10-02 16:21:10,IP Address,*******,100,92,True,2022-10-02 16:21:11,R_vH3CdnenPYLG7kJ,*******,*******,*******,*******,*******,*******,anonymous,EN,nrb84,No,,Strongly agree,Strongly agree,Strongly disagree,Strongly agree,Strongly agree,Strongly agree,Strongly agree,Strongly agree,Strongly agree,Strongly agree,,,,Add a title to the post to summarize the post content,,,"Show the topic (HER process) of each post in ""community"" page",,"Just use ""like"" instead of ""cool"", ""funny"", ""useful""",Add links to profiles of whom left comments,Add a filter to only see posts by friends,,,
2022-10-02 17:57:56,2022-10-02 17:59:25,IP Address,*******,100,89,True,2022-10-02 17:59:26,R_2WBV9Kyczw22mhP,*******,*******,*******,*******,*******,*******,anonymous,EN,Si226,No,,Somewhat agree,Somewhat agree,Strongly disagree,Strongly agree,Strongly agree,Strongly agree,Strongly agree,Somewhat agree,Somewhat agree,Strongly agree,Comments should NOT be mandatory,,,,,,"Show the topic (HER process) of each post in ""community"" page",,,,,,,
2022-10-02 18:39:30,2022-10-02 18:41:04,IP Address,*******,100,93,True,2022-10-02 18:41:04,R_2OMGU9MDNMIE8ZO,*******,*******,*******,*******,*******,*******,anonymous,EN,hes222,No,,Somewhat agree,Somewhat agree,Somewhat agree,Somewhat disagree,Neither agree nor disagree,Somewhat agree,Somewhat agree,Strongly agree,Somewhat agree,Somewhat agree,Comments should NOT be mandatory,,Should use mobile device instead of laptop to post,Add a title to the post to summarize the post content,,,"Show the topic (HER process) of each post in ""community"" page",,,,,,,no
2022-09-25 18:44:12,2022-09-25 18:45:00,IP Address,*******,11,47,False,2022-10-02 18:45:00,R_1hyxw1GSTKaOMmI,*******,*******,*******,*******,*******,*******,anonymous,EN,,Yes,,,,,,,,,,,,,,,,,,,,,,,,,
2022-09-25 18:58:38,2022-09-25 18:59:03,IP Address,*******,83,25,False,2022-10-02 18:59:06,R_3GpR2YiK8NLJk0k,*******,*******,*******,*******,*******,*******,anonymous,EN,,,,,,,,,,,,,,,,,,,,,,,,,,,
2022-09-25 20:20:00,2022-09-25 20:21:08,IP Address,*******,83,67,False,2022-10-02 20:21:10,R_1QL93fgIpetaLO4,*******,*******,*******,*******,*******,*******,anonymous,EN,,,,,,,,,,,,,,,,,,,,,,,,,,,
2022-10-02 20:21:06,2022-10-02 20:23:45,IP Address,*******,100,158,True,2022-10-02 20:23:45,R_2AFqAJjWrY2xoSp,*******,*******,*******,*******,*******,*******,anonymous,EN,xh282,No,,Strongly agree,Strongly agree,Somewhat disagree,Somewhat agree,Strongly agree,Strongly agree,Strongly agree,Strongly agree,Strongly agree,Strongly agree,Comments should NOT be mandatory,,,,,,,,,Add links to profiles of whom left comments,,,,
2022-10-02 20:51:59,2022-10-02 20:52:32,IP Address,*******,100,33,True,2022-10-02 20:52:33,R_25TSc7bNRp1hUR7,*******,*******,*******,*******,*******,*******,anonymous,EN,cjp222,No,,Somewhat agree,Somewhat agree,Somewhat disagree,Somewhat agree,Somewhat agree,Somewhat agree,Somewhat agree,Somewhat agree,Somewhat agree,Somewhat agree,,,Should use mobile device instead of laptop to post,,,,,Add a summary list of all posts’ titles in “community” page,,,,,,na
2022-10-01 15:59:14,2022-10-02 21:07:50,IP Address,*******,100,104916,True,2022-10-02 21:07:50,R_12xQZwxPHsiwRPp,*******,*******,*******,*******,*******,*******,anonymous,EN,ly375,No,,Somewhat agree,Somewhat agree,Somewhat disagree,Strongly agree,Somewhat agree,Strongly agree,Strongly agree,Strongly agree,Somewhat agree,Somewhat agree,,,,Add a title to the post to summarize the post content,,,"Show the topic (HER process) of each post in ""community"" page",,,,,,,
2022-10-02 21:42:14,2022-10-02 21:43:28,IP Address,*******,100,73,True,2022-10-02 21:43:28,R_REJ87Qdxibst9kd,*******,*******,*******,*******,*******,*******,anonymous,EN,aqg4,No,,Somewhat agree,Somewhat agree,Somewhat disagree,Somewhat agree,Somewhat agree,Somewhat agree,Strongly agree,Somewhat agree,Somewhat agree,Somewhat agree,Comments should NOT be mandatory,,Should use mobile device instead of laptop to post,,,,"Show the topic (HER process) of each post in ""community"" page",,"Just use ""like"" instead of ""cool"", ""funny"", ""useful""",Add links to profiles of whom left comments,,,,
2022-10-02 21:50:48,2022-10-02 21:52:19,IP Address,*******,100,90,True,2022-10-02 21:52:19,R_3Gp8AKgZSDCS0OG,*******,*******,*******,*******,*******,*******,anonymous,EN,mvs38,No,,Somewhat agree,Strongly agree,Somewhat disagree,Strongly agree,Somewhat agree,Strongly agree,Somewhat agree,Strongly agree,Strongly agree,Somewhat agree,,,Should use mobile device instead of laptop to post,Add a title to the post to summarize the post content,,,"Show the topic (HER process) of each post in ""community"" page",,"Just use ""like"" instead of ""cool"", ""funny"", ""useful""",,,,,
2022-09-26 00:05:22,2022-09-26 00:07:11,IP Address,*******,79,108,False,2022-10-03 00:07:14,R_1hEBFSVYLAbqrdy,*******,*******,*******,*******,*******,*******,anonymous,EN,sds,Yes,,,,,,,,,,,,,,,,,,,,,,,,,
2022-09-25 13:27:27,2022-09-26 00:21:37,IP Address,*******,74,39250,False,2022-10-03 00:21:46,R_1gBaGiIGISmbb3q,*******,*******,*******,*******,*******,*******,anonymous,EN,,,,,,,,,,,,,,,,,,,,,,,,,,,
2022-09-26 09:23:57,2022-09-26 09:27:03,IP Address,*******,16,186,False,2022-10-03 09:27:07,R_23ZQjTcCRi2tBcg,*******,*******,*******,*******,*******,*******,anonymous,EN,ly375,No,,,,,,,,,,,,,,,,,,,,,,,,,
2022-10-03 17:15:03,2022-10-03 17:16:04,IP Address,*******,100,60,True,2022-10-03 17:16:04,R_1rP0xoviJtRlJyN,*******,*******,*******,*******,*******,*******,anonymous,EN,jz485,No,,Neither agree nor disagree,Somewhat agree,Somewhat agree,Somewhat agree,Neither agree nor disagree,Somewhat agree,Neither agree nor disagree,Somewhat agree,Somewhat agree,Somewhat agree,Comments should NOT be mandatory,,Should use mobile device instead of laptop to post,,,,,Add a summary list of all posts’ titles in “community” page,,Add links to profiles of whom left comments,,,,
2022-10-03 22:14:05,2022-10-03 22:15:15,IP Address,*******,100,70,True,2022-10-03 22:15:15,R_1fm6HOSJlOaqHft,*******,*******,*******,*******,*******,*******,anonymous,EN,crd229,No,,Somewhat agree,Strongly agree,Somewhat disagree,Somewhat agree,Somewhat agree,Strongly agree,Strongly agree,Strongly agree,Somewhat disagree,Somewhat agree,,,Should use mobile device instead of laptop to post,,,,"Show the topic (HER process) of each post in ""community"" page",,"Just use ""like"" instead of ""cool"", ""funny"", ""useful""",,,,,
2022-09-27 18:45:21,2022-09-27 18:45:35,IP Address,*******,16,13,False,2022-10-04 18:45:35,R_z6Z7KK9lRJEbGLL,*******,*******,*******,*******,*******,*******,anonymous,EN,kmt224,No,,,,,,,,,,,,,,,,,,,,,,,,,
2022-10-05 09:07:34,2022-10-05 09:08:08,IP Address,*******,100,33,True,2022-10-05 09:08:08,R_yUSLNT3H8JCaBNv,*******,*******,*******,*******,*******,*******,anonymous,EN,Mm2577,No,,Strongly agree,Strongly agree,Strongly agree,Strongly agree,Strongly agree,Strongly agree,Strongly agree,Strongly agree,Strongly agree,Strongly agree,Comments should NOT be mandatory,,,,,,,,,Add links to profiles of whom left comments,,,,
2022-09-30 17:15:14,2022-10-05 09:51:53,IP Address,*******,100,405399,True,2022-10-05 09:51:54,R_2VqDtsYElrGsDZc,*******,*******,*******,*******,*******,*******,anonymous,EN,bt283,No,,Somewhat agree,Somewhat agree,Somewhat disagree,Somewhat agree,Somewhat agree,Somewhat agree,Strongly agree,Strongly agree,Somewhat agree,Somewhat agree,Comments should NOT be mandatory,,,,,,"Show the topic (HER process) of each post in ""community"" page",,,,,,,
2022-10-05 12:18:52,2022-10-05 12:20:16,IP Address,*******,100,83,True,2022-10-05 12:20:16,R_UJu257PAdw2n2IF,*******,*******,*******,*******,*******,*******,anonymous,EN,bmd226,No,,Somewhat agree,Neither agree nor disagree,Neither agree nor disagree,Neither agree nor disagree,Neither agree nor disagree,Somewhat disagree,Strongly agree,Strongly agree,Strongly agree,Somewhat agree,Comments should NOT be mandatory,,Should use mobile device instead of laptop to post,,,,,,,,Add a filter to only see posts by friends,,,nope
2022-10-05 18:12:41,2022-10-05 18:14:24,IP Address,*******,100,103,True,2022-10-05 18:14:25,R_1KqGt6ypMCFKe4n,*******,*******,*******,*******,*******,*******,anonymous,EN,mbh222,Yes,"Pictures showing on wrong posts, duplicate posts, comments not working",Neither agree nor disagree,Neither agree nor disagree,Somewhat agree,Somewhat agree,Somewhat agree,Somewhat agree,Neither agree nor disagree,Somewhat agree,Somewhat agree,Neither agree nor disagree,,,Should use mobile device instead of laptop to post,Add a title to the post to summarize the post content,,,"Show the topic (HER process) of each post in ""community"" page",Add a summary list of all posts’ titles in “community” page,,,Add a filter to only see posts by friends,,,
2022-09-30 12:32:59,2022-09-30 12:33:34,IP Address,*******,16,34,False,2022-10-07 12:33:34,R_soHf9FsthbsMiYh,*******,*******,*******,*******,*******,*******,anonymous,EN,hes222,Yes,,,,,,,,,,,,,,,,,,,,,,,,,
2022-10-07 16:34:34,2022-10-07 16:36:06,IP Address,*******,100,92,True,2022-10-07 16:36:06,R_1dml2olnEVSywIl,*******,*******,*******,*******,*******,*******,anonymous,EN,sn528,No,,Somewhat agree,Somewhat agree,Strongly disagree,Somewhat agree,Somewhat agree,Somewhat agree,Strongly agree,Strongly agree,Somewhat agree,Somewhat agree,,"""cool"", ""funny"", ""useful"" reactions should be mandatory",Should use mobile device instead of laptop to post,,,,"Show the topic (HER process) of each post in ""community"" page",,,Add links to profiles of whom left comments,,,,
2022-10-08 12:44:57,2022-10-08 12:46:27,IP Address,*******,100,90,True,2022-10-08 12:46:27,R_2atd74w9HOvECaE,*******,*******,*******,*******,*******,*******,anonymous,EN,Mg2265,No,,Strongly agree,Strongly agree,Strongly disagree,Strongly agree,Strongly agree,Strongly agree,Strongly agree,Strongly agree,Strongly agree,Somewhat agree,Comments should NOT be mandatory,,,,,,,,"Just use ""like"" instead of ""cool"", ""funny"", ""useful""",Add links to profiles of whom left comments,,,,
2022-10-02 07:46:34,2022-10-02 07:46:58,IP Address,*******,16,23,False,2022-10-09 07:46:59,R_BAlZOjPWvKpgvZL,*******,*******,*******,*******,*******,*******,anonymous,EN,ep443,No,,,,,,,,,,,,,,,,,,,,,,,,,
2022-10-10 11:57:27,2022-10-10 11:59:35,IP Address,*******,100,128,True,2022-10-10 11:59:36,R_1GBKzMYHdTdhuJB,*******,*******,*******,*******,*******,*******,anonymous,EN,"iao4 ",No,,Somewhat agree,Somewhat agree,Strongly disagree,Strongly agree,Strongly agree,Somewhat agree,Strongly disagree,Strongly agree,Somewhat agree,Somewhat agree,Comments should NOT be mandatory,,Should use mobile device instead of laptop to post,Add a title to the post to summarize the post content,,,"Show the topic (HER process) of each post in ""community"" page",Add a summary list of all posts’ titles in “community” page,,,,,,
2022-10-11 14:45:08,2022-10-11 14:46:28,IP Address,*******,100,79,True,2022-10-11 14:46:29,R_3OcPHNB9N27dpAn,*******,*******,*******,*******,*******,*******,anonymous,EN,yl3262,No,,Neither agree nor disagree,Neither agree nor disagree,Somewhat agree,Somewhat agree,Neither agree nor disagree,Neither agree nor disagree,Neither agree nor disagree,Somewhat agree,Somewhat agree,Neither agree nor disagree,Comments should NOT be mandatory,,,,,,,,"Just use ""like"" instead of ""cool"", ""funny"", ""useful""",,,,,
2022-10-13 19:35:31,2022-10-13 19:36:55,IP Address,*******,100,83,True,2022-10-13 19:36:55,R_Dcs0dZb5wHoruWR,*******,*******,*******,*******,*******,*******,anonymous,EN,mm2577,No,,Strongly agree,Strongly agree,Strongly agree,Strongly agree,Strongly agree,Strongly agree,Strongly agree,Strongly agree,Strongly agree,Strongly agree,,"""cool"", ""funny"", ""useful"" reactions should be mandatory",,,,,"Show the topic (HER process) of each post in ""community"" page",,,,,,,
2022-10-07 00:37:09,2022-10-07 00:37:38,IP Address,*******,79,28,False,2022-10-14 00:37:38,R_1DoKkibkABeaCFs,*******,*******,*******,*******,*******,*******,anonymous,EN,wc465,No,,Somewhat agree,Somewhat agree,Somewhat disagree,Somewhat agree,Somewhat agree,Somewhat agree,Somewhat agree,Somewhat agree,Somewhat agree,Somewhat agree,,,,,,,,,,,,,,
2022-09-30 16:37:13,2022-10-07 10:27:10,IP Address,*******,16,582597,False,2022-10-14 10:27:17,R_2QKXbqYv4zB4jMR,*******,*******,*******,*******,*******,*******,anonymous,EN,grs226,No,,,,,,,,,,,,,,,,,,,,,,,,,
2022-10-14 11:25:53,2022-10-14 11:26:51,IP Address,*******,100,58,True,2022-10-14 11:26:52,R_PTnfrpMh0oVPvzj,*******,*******,*******,*******,*******,*******,anonymous,EN,ab2457,No,,Strongly agree,Strongly agree,,Strongly agree,Strongly agree,Strongly agree,Strongly agree,Strongly agree,Strongly agree,Strongly agree,,,,Add a title to the post to summarize the post content,,,,,"Just use ""like"" instead of ""cool"", ""funny"", ""useful""",,,,,
2022-10-14 14:42:12,2022-10-14 14:43:35,IP Address,*******,100,82,True,2022-10-14 14:43:35,R_2qwJEHfPV1eZxNJ,*******,*******,*******,*******,*******,*******,anonymous,EN,kv245,Yes,"I got an error uploading from my laptop (windows internet explorer), but not using my phone (Appli safari)",Strongly agree,Neither agree nor disagree,Somewhat disagree,Somewhat agree,Somewhat agree,Strongly agree,Somewhat agree,Strongly agree,Somewhat disagree,Somewhat agree,,,,Add a title to the post to summarize the post content,,,"Show the topic (HER process) of each post in ""community"" page",Add a summary list of all posts’ titles in “community” page,,,,"Others, please specify","have a function to see all my own posts, so I can quickly scroll through the reactios I got",
2022-10-08 10:18:09,2022-10-08 10:18:29,IP Address,*******,16,19,False,2022-10-15 10:18:30,R_3nG9B1r5UktA77Z,*******,*******,*******,*******,*******,*******,anonymous,EN,plz8,No,,,,,,,,,,,,,,,,,,,,,,,,,
2022-10-15 11:45:29,2022-10-15 13:26:24,IP Address,*******,100,6055,True,2022-10-15 13:26:25,R_9Gqc2ij9WgzQ4g1,*******,*******,*******,*******,*******,*******,anonymous,EN,Tdf38,No,,Strongly agree,Strongly agree,Strongly disagree,Strongly agree,Strongly agree,Strongly agree,Strongly agree,Strongly agree,Somewhat agree,Somewhat agree,,,Should use mobile device instead of laptop to post,,,,,,,Add links to profiles of whom left comments,,,,"I think the community is pretty great so far! "
2022-10-15 20:48:27,2022-10-15 20:49:31,IP Address,*******,100,63,True,2022-10-15 20:49:31,R_2qxD5uWWHgfgjfG,*******,*******,*******,*******,*******,*******,anonymous,EN,ecs273,No,,Somewhat agree,Somewhat agree,Somewhat disagree,Somewhat agree,Somewhat agree,Somewhat agree,Strongly agree,Strongly agree,Somewhat agree,Somewhat agree,,,Should use mobile device instead of laptop to post,Add a title to the post to summarize the post content,,,"Show the topic (HER process) of each post in ""community"" page",Add a summary list of all posts’ titles in “community” page,,Add links to profiles of whom left comments,,,,
2022-10-16 09:26:09,2022-10-16 09:27:27,IP Address,*******,100,78,True,2022-10-16 09:27:27,R_2q2eyTv43RwMmys,*******,*******,*******,*******,*******,*******,anonymous,EN,dbl67,No,,Somewhat agree,Strongly agree,Somewhat disagree,Strongly agree,Somewhat agree,Somewhat agree,Somewhat agree,Strongly agree,Strongly agree,Strongly agree,,,,Add a title to the post to summarize the post content,,,"Show the topic (HER process) of each post in ""community"" page",,,,,,,
2022-10-09 15:22:53,2022-10-09 15:23:26,IP Address,*******,16,32,False,2022-10-16 15:23:28,R_ZLbzD1FgMYod8MF,*******,*******,*******,*******,*******,*******,anonymous,EN,rmb358,No,,,,,,,,,,,,,,,,,,,,,,,,,
2022-10-16 20:27:41,2022-10-16 20:28:12,IP Address,*******,100,30,True,2022-10-16 20:28:12,R_2AFLhXbHZNH7TLz,*******,*******,*******,*******,*******,*******,anonymous,EN,xz283,No,,Neither agree nor disagree,Somewhat agree,Somewhat agree,Neither agree nor disagree,Strongly agree,Somewhat agree,Somewhat disagree,Neither agree nor disagree,Somewhat agree,Somewhat agree,,,,Add a title to the post to summarize the post content,,,"Show the topic (HER process) of each post in ""community"" page",,,,,,,
2022-10-13 18:58:25,2022-10-13 19:10:11,IP Address,*******,16,706,False,2022-10-20 19:10:12,R_2uKygSLVDcMNu7E,*******,*******,*******,*******,*******,*******,anonymous,EN,ost3,No,,,,,,,,,,,,,,,,,,,,,,,,,
